Day,Time,Currency,Impact,Event,Actual,Forecast,Previous,SourceURL
20070413,8:30am,USD,3,PPI m/m,1.0%,0.7%,1.3%,https://www.forexfactory.com/calendar?month=apr.2007
20070417,8:30am,USD,3,Core CPI m/m,0.1%,0.2%,0.2%,https://www.forexfactory.com/calendar?month=apr.2007
20070417,8:30am,USD,3,CPI y/y,2.8%,2.8%,2.4%,https://www.forexfactory.com/calendar?month=apr.2007
20070511,8:30am,USD,3,PPI m/m,0.7%,0.6%,1.0%,https://www.forexfactory.com/calendar?month=may.2007
20070515,8:30am,USD,3,Core CPI m/m,0.2%,0.2%,0.1%,https://www.forexfactory.com/calendar?month=may.2007
20070515,8:30am,USD,3,CPI y/y,2.6%,2.6%,2.8%,https://www.forexfactory.com/calendar?month=may.2007
20070614,8:30am,USD,3,PPI m/m,0.9%,0.6%,0.7%,https://www.forexfactory.com/calendar?month=jun.2007
20070615,8:30am,USD,3,Core CPI m/m,0.1%,0.2%,0.2%,https://www.forexfactory.com/calendar?month=jun.2007
20070615,8:30am,USD,3,CPI y/y,2.7%,2.6%,2.6%,https://www.forexfactory.com/calendar?month=jun.2007
20070717,8:30am,USD,3,PPI m/m,-0.2%,0.2%,0.9%,https://www.forexfactory.com/calendar?month=jul.2007
20070718,8:30am,USD,3,Core CPI m/m,0.2%,0.2%,0.1%,https://www.forexfactory.com/calendar?month=jul.2007
20070718,8:30am,USD,3,CPI y/y,2.7%,2.6%,2.7%,https://www.forexfactory.com/calendar?month=jul.2007
20070814,8:30am,USD,3,PPI m/m,0.6%,0.1%,-0.2%,https://www.forexfactory.com/calendar?month=aug.2007
20070815,8:30am,USD,3,Core CPI m/m,0.2%,0.2%,0.2%,https://www.forexfactory.com/calendar?month=aug.2007
20070815,8:30am,USD,3,CPI y/y,2.4%,2.5%,2.7%,https://www.forexfactory.com/calendar?month=aug.2007
20070918,8:30am,USD,3,PPI m/m,-1.4%,-0.2%,0.6%,https://www.forexfactory.com/calendar?month=sep.2007
20070919,8:30am,USD,3,Core CPI m/m,0.2%,0.2%,0.2%,https://www.forexfactory.com/calendar?month=sep.2007
20070919,8:30am,USD,3,CPI y/y,2.0%,2.1%,2.4%,https://www.forexfactory.com/calendar?month=sep.2007
20071012,8:30am,USD,3,PPI m/m,1.1%,0.5%,-1.4%,https://www.forexfactory.com/calendar?month=oct.2007
20071017,8:30am,USD,3,Core CPI m/m,0.2%,0.2%,0.2%,https://www.forexfactory.com/calendar?month=oct.2007
20071017,8:30am,USD,3,CPI y/y,2.8%,2.7%,2.0%,https://www.forexfactory.com/calendar?month=oct.2007
20071114,8:30am,USD,3,PPI m/m,0.1%,0.3%,1.1%,https://www.forexfactory.com/calendar?month=nov.2007
20071115,8:30am,USD,3,Core CPI m/m,0.2%,0.2%,0.2%,https://www.forexfactory.com/calendar?month=nov.2007
20071115,8:30am,USD,3,CPI y/y,3.5%,2.7%,2.8%,https://www.forexfactory.com/calendar?month=nov.2007
20071213,8:30am,USD,3,PPI m/m,3.2%,1.6%,0.1%,https://www.forexfactory.com/calendar?month=dec.2007
20071214,8:30am,USD,3,Core CPI m/m,0.3%,0.2%,0.2%,https://www.forexfactory.com/calendar?month=dec.2007
20071214,8:30am,USD,3,CPI y/y,4.3%,4.1%,3.5%,https://www.forexfactory.com/calendar?month=dec.2007
20080115,8:30am,USD,3,PPI m/m,-0.1%,0.2%,3.2%,https://www.forexfactory.com/calendar?month=jan.2008
20080116,8:30am,USD,3,Core CPI m/m,0.2%,0.2%,0.3%,https://www.forexfactory.com/calendar?month=jan.2008
20080116,8:30am,USD,3,CPI y/y,4.1%,4.1%,4.3%,https://www.forexfactory.com/calendar?month=jan.2008
20080220,8:30am,USD,3,Core CPI m/m,0.3%,0.2%,0.2%,https://www.forexfactory.com/calendar?month=feb.2008
20080220,8:30am,USD,3,CPI y/y,4.3%,4.2%,4.1%,https://www.forexfactory.com/calendar?month=feb.2008
20080226,8:30am,USD,3,PPI m/m,1.0%,0.4%,-0.1%,https://www.forexfactory.com/calendar?month=feb.2008
20080314,8:30am,USD,3,Core CPI m/m,0.0%,0.2%,0.3%,https://www.forexfactory.com/calendar?month=mar.2008
20080314,8:30am,USD,3,CPI y/y,4.0%,4.3%,4.3%,https://www.forexfactory.com/calendar?month=mar.2008
20080318,8:30am,USD,3,PPI m/m,0.3%,0.3%,1.0%,https://www.forexfactory.com/calendar?month=mar.2008
20080415,8:30am,USD,3,PPI m/m,1.1%,0.6%,0.3%,https://www.forexfactory.com/calendar?month=apr.2008
20080416,8:30am,USD,3,Core CPI m/m,0.2%,0.2%,0.0%,https://www.forexfactory.com/calendar?month=apr.2008
20080416,8:30am,USD,3,CPI y/y,4.0%,4.0%,4.0%,https://www.forexfactory.com/calendar?month=apr.2008
20080514,8:30am,USD,3,Core CPI m/m,0.1%,0.2%,0.2%,https://www.forexfactory.com/calendar?month=may.2008
20080514,8:30am,USD,3,CPI y/y,3.9%,4.0%,4.0%,https://www.forexfactory.com/calendar?month=may.2008
20080520,8:30am,USD,3,PPI m/m,0.2%,0.4%,1.1%,https://www.forexfactory.com/calendar?month=may.2008
20080613,8:30am,USD,3,Core CPI m/m,0.2%,0.2%,0.1%,https://www.forexfactory.com/calendar?month=jun.2008
20080613,8:30am,USD,3,CPI y/y,4.2%,3.9%,3.9%,https://www.forexfactory.com/calendar?month=jun.2008
20080617,8:30am,USD,3,PPI m/m,1.4%,1.0%,0.2%,https://www.forexfactory.com/calendar?month=jun.2008
20080715,8:30am,USD,3,PPI m/m,1.8%,1.3%,1.4%,https://www.forexfactory.com/calendar?month=jul.2008
20080716,8:30am,USD,3,Core CPI m/m,0.3%,0.2%,0.2%,https://www.forexfactory.com/calendar?month=jul.2008
20080716,8:30am,USD,3,CPI y/y,5.0%,4.5%,4.2%,https://www.forexfactory.com/calendar?month=jul.2008
20080814,8:30am,USD,3,Core CPI m/m,0.3%,0.2%,0.3%,https://www.forexfactory.com/calendar?month=aug.2008
20080814,8:30am,USD,3,CPI y/y,5.6%,5.1%,5.0%,https://www.forexfactory.com/calendar?month=aug.2008
20080819,8:30am,USD,3,PPI m/m,1.2%,0.6%,1.8%,https://www.forexfactory.com/calendar?month=aug.2008
20080912,8:30am,USD,3,PPI m/m,-0.9%,-0.5%,1.2%,https://www.forexfactory.com/calendar?month=sep.2008
20080916,8:30am,USD,3,Core CPI m/m,0.2%,0.2%,0.3%,https://www.forexfactory.com/calendar?month=sep.2008
20080916,8:30am,USD,3,CPI y/y,5.4%,5.6%,5.6%,https://www.forexfactory.com/calendar?month=sep.2008
20081015,8:30am,USD,3,PPI m/m,-0.4%,-0.4%,-0.9%,https://www.forexfactory.com/calendar?month=oct.2008
20081016,8:30am,USD,3,Core CPI m/m,0.1%,0.2%,0.2%,https://www.forexfactory.com/calendar?month=oct.2008
20081016,8:30am,USD,3,CPI y/y,4.9%,5.0%,5.4%,https://www.forexfactory.com/calendar?month=oct.2008
20081118,8:30am,USD,3,PPI m/m,-2.8%,-1.9%,-0.4%,https://www.forexfactory.com/calendar?month=nov.2008
20081119,8:30am,USD,3,Core CPI m/m,-0.1%,0.1%,0.1%,https://www.forexfactory.com/calendar?month=nov.2008
20081119,8:30am,USD,3,CPI y/y,3.7%,4.0%,4.9%,https://www.forexfactory.com/calendar?month=nov.2008
20081212,8:30am,USD,3,PPI m/m,-2.2%,-2.0%,-2.8%,https://www.forexfactory.com/calendar?month=dec.2008
20081216,8:30am,USD,3,Core CPI m/m,0.0%,0.1%,-0.1%,https://www.forexfactory.com/calendar?month=dec.2008
20081216,8:30am,USD,3,CPI y/y,1.1%,1.5%,3.7%,https://www.forexfactory.com/calendar?month=dec.2008
20090115,8:30am,USD,3,PPI m/m,-1.9%,-2.0%,-2.2%,https://www.forexfactory.com/calendar?month=jan.2009
20090116,8:30am,USD,3,Core CPI m/m,0.0%,0.1%,0.0%,https://www.forexfactory.com/calendar?month=jan.2009
20090116,8:30am,USD,3,CPI y/y,0.1%,-0.2%,1.1%,https://www.forexfactory.com/calendar?month=jan.2009
20090219,8:30am,USD,3,PPI m/m,0.8%,0.2%,-1.9%,https://www.forexfactory.com/calendar?month=feb.2009
20090220,8:30am,USD,3,Core CPI m/m,0.2%,0.1%,0.0%,https://www.forexfactory.com/calendar?month=feb.2009
20090220,8:30am,USD,3,CPI y/y,0.0%,-0.2%,0.1%,https://www.forexfactory.com/calendar?month=feb.2009
20090317,8:30am,USD,3,PPI m/m,0.1%,0.3%,0.8%,https://www.forexfactory.com/calendar?month=mar.2009
20090318,8:30am,USD,3,Core CPI m/m,0.2%,0.1%,0.2%,https://www.forexfactory.com/calendar?month=mar.2009
20090318,8:30am,USD,3,CPI y/y,0.2%,0.0%,0.0%,https://www.forexfactory.com/calendar?month=mar.2009
20090414,8:30am,USD,3,PPI m/m,-1.2%,0.0%,0.1%,https://www.forexfactory.com/calendar?month=apr.2009
20090415,8:30am,USD,3,Core CPI m/m,0.2%,0.1%,0.2%,https://www.forexfactory.com/calendar?month=apr.2009
20090415,8:30am,USD,3,CPI y/y,-0.4%,-0.1%,0.2%,https://www.forexfactory.com/calendar?month=apr.2009
20090514,8:30am,USD,3,PPI m/m,0.3%,0.2%,-1.2%,https://www.forexfactory.com/calendar?month=may.2009
20090515,8:30am,USD,3,Core CPI m/m,0.3%,0.1%,0.2%,https://www.forexfactory.com/calendar?month=may.2009
20090515,8:30am,USD,3,CPI y/y,-0.7%,-0.6%,-0.4%,https://www.forexfactory.com/calendar?month=may.2009
20090616,8:30am,USD,3,PPI m/m,0.2%,0.6%,0.3%,https://www.forexfactory.com/calendar?month=jun.2009
20090617,8:30am,USD,3,Core CPI m/m,0.1%,0.1%,0.3%,https://www.forexfactory.com/calendar?month=jun.2009
20090617,8:30am,USD,3,CPI y/y,-1.3%,-0.9%,-0.7%,https://www.forexfactory.com/calendar?month=jun.2009
20090714,8:30am,USD,3,PPI m/m,1.8%,0.9%,0.2%,https://www.forexfactory.com/calendar?month=jul.2009
20090715,8:30am,USD,3,Core CPI m/m,0.2%,0.2%,0.1%,https://www.forexfactory.com/calendar?month=jul.2009
20090715,8:30am,USD,3,CPI y/y,-1.4%,-1.4%,-1.3%,https://www.forexfactory.com/calendar?month=jul.2009
20090814,8:30am,USD,3,Core CPI m/m,0.1%,0.1%,0.2%,https://www.forexfactory.com/calendar?month=aug.2009
20090814,8:30am,USD,3,CPI y/y,-2.1%,-1.9%,-1.4%,https://www.forexfactory.com/calendar?month=aug.2009
20090818,8:30am,USD,3,PPI m/m,-0.9%,-0.2%,1.8%,https://www.forexfactory.com/calendar?month=aug.2009
20090915,8:30am,USD,3,PPI m/m,1.7%,0.9%,-0.9%,https://www.forexfactory.com/calendar?month=sep.2009
20090916,8:30am,USD,3,Core CPI m/m,0.1%,0.1%,0.1%,https://www.forexfactory.com/calendar?month=sep.2009
20090916,8:30am,USD,3,CPI y/y,-1.5%,-1.7%,-2.1%,https://www.forexfactory.com/calendar?month=sep.2009
20091015,8:30am,USD,3,Core CPI m/m,0.2%,0.1%,0.1%,https://www.forexfactory.com/calendar?month=oct.2009
20091015,8:30am,USD,3,CPI y/y,-1.3%,-1.4%,-1.5%,https://www.forexfactory.com/calendar?month=oct.2009
20091020,8:30am,USD,3,PPI m/m,-0.6%,0.1%,1.7%,https://www.forexfactory.com/calendar?month=oct.2009
20091117,8:30am,USD,3,PPI m/m,0.3%,0.6%,-0.6%,https://www.forexfactory.com/calendar?month=nov.2009
20091118,7:30am,USD,3,CPI y/y,-0.2%,-0.3%,-1.3%,https://www.forexfactory.com/calendar?month=nov.2009
20091118,8:30am,USD,3,Core CPI m/m,0.2%,0.1%,0.2%,https://www.forexfactory.com/calendar?month=nov.2009
20091215,8:30am,USD,3,PPI m/m,1.8%,0.8%,0.3%,https://www.forexfactory.com/calendar?month=dec.2009
20091216,7:30am,USD,3,CPI y/y,1.8%,1.8%,-0.2%,https://www.forexfactory.com/calendar?month=dec.2009
20091216,8:30am,USD,3,Core CPI m/m,0.0%,0.1%,0.2%,https://www.forexfactory.com/calendar?month=dec.2009
20100115,8:30am,USD,3,Core CPI m/m,0.1%,0.1%,0.0%,https://www.forexfactory.com/calendar?month=jan.2010
20100115,8:30am,USD,3,CPI y/y,2.7%,2.8%,1.8%,https://www.forexfactory.com/calendar?month=jan.2010
20100120,8:30am,USD,3,PPI m/m,0.2%,0.1%,1.8%,https://www.forexfactory.com/calendar?month=jan.2010
20100218,8:30am,USD,3,PPI m/m,1.4%,0.8%,0.2%,https://www.forexfactory.com/calendar?month=feb.2010
20100219,8:30am,USD,3,Core CPI m/m,-0.1%,0.2%,0.1%,https://www.forexfactory.com/calendar?month=feb.2010
20100219,8:30am,USD,3,CPI y/y,2.6%,2.7%,2.7%,https://www.forexfactory.com/calendar?month=feb.2010
20100317,8:30am,USD,3,PPI m/m,-0.6%,-0.2%,1.4%,https://www.forexfactory.com/calendar?month=mar.2010
20100318,8:30am,USD,3,Core CPI m/m,0.1%,0.1%,-0.1%,https://www.forexfactory.com/calendar?month=mar.2010
20100318,8:30am,USD,3,CPI y/y,2.1%,2.3%,2.6%,https://www.forexfactory.com/calendar?month=mar.2010
20100414,8:30am,USD,3,Core CPI m/m,0.0%,0.1%,0.1%,https://www.forexfactory.com/calendar?month=apr.2010
20100414,8:30am,USD,3,CPI y/y,2.3%,2.4%,2.1%,https://www.forexfactory.com/calendar?month=apr.2010
20100422,8:30am,USD,3,PPI m/m,0.7%,0.4%,-0.6%,https://www.forexfactory.com/calendar?month=apr.2010
20100518,8:30am,USD,3,PPI m/m,-0.1%,0.1%,0.7%,https://www.forexfactory.com/calendar?month=may.2010
20100519,8:30am,USD,3,Core CPI m/m,0.0%,0.1%,0.0%,https://www.forexfactory.com/calendar?month=may.2010
20100519,8:30am,USD,3,CPI m/m,-0.1%,0.2%,0.1%,https://www.forexfactory.com/calendar?month=may.2010
20100519,8:30am,USD,3,CPI y/y,2.2%,2.4%,2.3%,https://www.forexfactory.com/calendar?month=may.2010
20100616,8:30am,USD,3,PPI m/m,-0.3%,-0.5%,-0.1%,https://www.forexfactory.com/calendar?month=jun.2010
20100617,8:30am,USD,3,Core CPI m/m,0.1%,0.1%,0.0%,https://www.forexfactory.com/calendar?month=jun.2010
20100617,8:30am,USD,3,CPI y/y,2.0%,2.0%,2.2%,https://www.forexfactory.com/calendar?month=jun.2010
20100715,8:30am,USD,3,PPI m/m,-0.5%,-0.2%,-0.3%,https://www.forexfactory.com/calendar?month=jul.2010
20100716,8:30am,USD,3,Core CPI m/m,0.2%,0.1%,0.1%,https://www.forexfactory.com/calendar?month=jul.2010
20100716,8:30am,USD,3,CPI y/y,1.1%,1.2%,2.0%,https://www.forexfactory.com/calendar?month=jul.2010
20100813,8:30am,USD,3,Core CPI m/m,0.1%,0.1%,0.2%,https://www.forexfactory.com/calendar?month=aug.2010
20100813,8:30am,USD,3,CPI y/y,1.2%,1.2%,1.1%,https://www.forexfactory.com/calendar?month=aug.2010
20100817,8:30am,USD,3,PPI m/m,0.2%,0.2%,-0.5%,https://www.forexfactory.com/calendar?month=aug.2010
20100916,8:30am,USD,3,PPI m/m,0.4%,0.3%,0.2%,https://www.forexfactory.com/calendar?month=sep.2010
20100917,8:30am,USD,3,Core CPI m/m,0.0%,0.1%,0.1%,https://www.forexfactory.com/calendar?month=sep.2010
20100917,8:30am,USD,3,CPI y/y,1.1%,1.1%,1.2%,https://www.forexfactory.com/calendar?month=sep.2010
20101014,8:30am,USD,3,PPI m/m,0.4%,0.2%,0.4%,https://www.forexfactory.com/calendar?month=oct.2010
20101015,8:30am,USD,3,Core CPI m/m,0.0%,0.1%,0.0%,https://www.forexfactory.com/calendar?month=oct.2010
20101015,8:30am,USD,3,CPI y/y,1.1%,1.2%,1.1%,https://www.forexfactory.com/calendar?month=oct.2010
20101116,8:30am,USD,3,PPI m/m,0.4%,0.7%,0.4%,https://www.forexfactory.com/calendar?month=nov.2010
20101117,8:30am,USD,3,Core CPI m/m,0.0%,0.1%,0.0%,https://www.forexfactory.com/calendar?month=nov.2010
20101117,8:30am,USD,3,CPI y/y,1.2%,1.2%,1.1%,https://www.forexfactory.com/calendar?month=nov.2010
20101214,8:30am,USD,3,PPI m/m,0.8%,0.6%,0.4%,https://www.forexfactory.com/calendar?month=dec.2010
20101215,8:30am,USD,3,Core CPI m/m,0.1%,0.1%,0.0%,https://www.forexfactory.com/calendar?month=dec.2010
20101215,8:30am,USD,3,CPI y/y,1.1%,1.1%,1.2%,https://www.forexfactory.com/calendar?month=dec.2010
20110113,8:30am,USD,3,PPI m/m,1.1%,0.8%,0.8%,https://www.forexfactory.com/calendar?month=jan.2011
20110114,8:30am,USD,3,Core CPI m/m,0.1%,0.1%,0.1%,https://www.forexfactory.com/calendar?month=jan.2011
20110114,8:30am,USD,3,CPI y/y,1.5%,1.4%,1.1%,https://www.forexfactory.com/calendar?month=jan.2011
20110216,8:30am,USD,3,PPI m/m,0.8%,0.9%,1.1%,https://www.forexfactory.com/calendar?month=feb.2011
20110217,8:30am,USD,3,Core CPI m/m,0.2%,0.1%,0.1%,https://www.forexfactory.com/calendar?month=feb.2011
20110217,8:30am,USD,3,CPI y/y,1.6%,1.6%,1.5%,https://www.forexfactory.com/calendar?month=feb.2011
20110316,8:30am,USD,3,PPI m/m,1.6%,0.7%,0.8%,https://www.forexfactory.com/calendar?month=mar.2011
20110317,8:30am,USD,3,Core CPI m/m,0.2%,0.1%,0.2%,https://www.forexfactory.com/calendar?month=mar.2011
20110317,8:30am,USD,3,CPI y/y,2.1%,2.0%,1.6%,https://www.forexfactory.com/calendar?month=mar.2011
20110414,8:30am,USD,3,PPI m/m,0.7%,1.1%,1.6%,https://www.forexfactory.com/calendar?month=apr.2011
20110415,8:30am,USD,3,Core CPI m/m,0.1%,0.2%,0.2%,https://www.forexfactory.com/calendar?month=apr.2011
20110415,8:30am,USD,3,CPI y/y,2.7%,2.6%,2.1%,https://www.forexfactory.com/calendar?month=apr.2011
20110512,8:30am,USD,3,PPI m/m,0.8%,0.6%,0.7%,https://www.forexfactory.com/calendar?month=may.2011
20110513,8:30am,USD,3,Core CPI m/m,0.2%,0.2%,0.1%,https://www.forexfactory.com/calendar?month=may.2011
20110513,8:30am,USD,3,CPI y/y,3.2%,3.1%,2.7%,https://www.forexfactory.com/calendar?month=may.2011
20110614,8:30am,USD,3,PPI m/m,0.2%,0.1%,0.8%,https://www.forexfactory.com/calendar?month=jun.2011
20110615,8:30am,USD,3,Core CPI m/m,0.3%,0.2%,0.2%,https://www.forexfactory.com/calendar?month=jun.2011
20110615,8:30am,USD,3,CPI y/y,3.6%,3.4%,3.2%,https://www.forexfactory.com/calendar?month=jun.2011
20110714,8:30am,USD,3,PPI m/m,-0.4%,-0.2%,0.2%,https://www.forexfactory.com/calendar?month=jul.2011
20110715,8:30am,USD,3,Core CPI m/m,0.3%,0.2%,0.3%,https://www.forexfactory.com/calendar?month=jul.2011
20110715,8:30am,USD,3,CPI y/y,3.6%,3.6%,3.6%,https://www.forexfactory.com/calendar?month=jul.2011
20110817,8:30am,USD,3,PPI m/m,0.2%,0.0%,-0.4%,https://www.forexfactory.com/calendar?month=aug.2011
20110818,8:30am,USD,3,Core CPI m/m,0.2%,0.2%,0.3%,https://www.forexfactory.com/calendar?month=aug.2011
20110818,8:30am,USD,3,CPI y/y,3.6%,3.4%,3.6%,https://www.forexfactory.com/calendar?month=aug.2011
20110914,8:30am,USD,3,PPI m/m,0.0%,-0.1%,0.2%,https://www.forexfactory.com/calendar?month=sep.2011
20110915,8:30am,USD,3,Core CPI m/m,0.2%,0.2%,0.2%,https://www.forexfactory.com/calendar?month=sep.2011
20110915,8:30am,USD,3,CPI y/y,3.8%,3.6%,3.6%,https://www.forexfactory.com/calendar?month=sep.2011
20111018,8:30am,USD,3,PPI m/m,0.8%,0.2%,0.0%,https://www.forexfactory.com/calendar?month=oct.2011
20111019,8:30am,USD,3,Core CPI m/m,0.1%,0.2%,0.2%,https://www.forexfactory.com/calendar?month=oct.2011
20111019,8:30am,USD,3,CPI y/y,3.9%,3.8%,3.8%,https://www.forexfactory.com/calendar?month=oct.2011
20111115,8:30am,USD,3,PPI m/m,-0.3%,-0.1%,0.8%,https://www.forexfactory.com/calendar?month=nov.2011
20111116,8:30am,USD,3,Core CPI m/m,0.1%,0.1%,0.1%,https://www.forexfactory.com/calendar?month=nov.2011
20111116,8:30am,USD,3,CPI y/y,3.5%,3.7%,3.9%,https://www.forexfactory.com/calendar?month=nov.2011
20111215,8:30am,USD,3,PPI m/m,0.3%,0.3%,-0.3%,https://www.forexfactory.com/calendar?month=dec.2011
20111216,8:30am,USD,3,Core CPI m/m,0.2%,0.1%,0.1%,https://www.forexfactory.com/calendar?month=dec.2011
20111216,8:30am,USD,3,CPI y/y,3.4%,3.5%,3.5%,https://www.forexfactory.com/calendar?month=dec.2011
20120118,8:30am,USD,3,PPI m/m,-0.1%,0.1%,0.3%,https://www.forexfactory.com/calendar?month=jan.2012
20120119,8:30am,USD,3,Core CPI m/m,0.1%,0.1%,0.2%,https://www.forexfactory.com/calendar?month=jan.2012
20120119,8:30am,USD,3,CPI y/y,3.0%,3.0%,3.4%,https://www.forexfactory.com/calendar?month=jan.2012
20120216,8:30am,USD,3,PPI m/m,0.1%,0.3%,-0.1%,https://www.forexfactory.com/calendar?month=feb.2012
20120217,8:30am,USD,3,Core CPI m/m,0.2%,0.2%,0.1%,https://www.forexfactory.com/calendar?month=feb.2012
20120217,8:30am,USD,3,CPI y/y,2.9%,2.8%,3.0%,https://www.forexfactory.com/calendar?month=feb.2012
20120315,8:30am,USD,3,PPI m/m,0.4%,0.5%,0.1%,https://www.forexfactory.com/calendar?month=mar.2012
20120316,8:30am,USD,3,Core CPI m/m,0.1%,0.2%,0.2%,https://www.forexfactory.com/calendar?month=mar.2012
20120316,8:30am,USD,3,CPI y/y,2.9%,2.8%,2.9%,https://www.forexfactory.com/calendar?month=mar.2012
20120412,8:30am,USD,3,PPI m/m,0.0%,0.3%,0.4%,https://www.forexfactory.com/calendar?month=apr.2012
20120413,8:30am,USD,3,Core CPI m/m,0.2%,0.2%,0.1%,https://www.forexfactory.com/calendar?month=apr.2012
20120413,8:30am,USD,3,CPI y/y,2.7%,2.7%,2.9%,https://www.forexfactory.com/calendar?month=apr.2012
20120511,8:30am,USD,3,PPI m/m,-0.2%,0.0%,0.0%,https://www.forexfactory.com/calendar?month=may.2012
20120515,8:30am,USD,3,Core CPI m/m,0.2%,0.2%,0.2%,https://www.forexfactory.com/calendar?month=may.2012
20120515,8:30am,USD,3,CPI y/y,2.3%,2.3%,2.7%,https://www.forexfactory.com/calendar?month=may.2012
20120613,8:30am,USD,3,PPI m/m,-1.0%,-0.6%,-0.2%,https://www.forexfactory.com/calendar?month=jun.2012
20120614,8:30am,USD,3,Core CPI m/m,0.2%,0.2%,0.2%,https://www.forexfactory.com/calendar?month=jun.2012
20120614,8:30am,USD,3,CPI y/y,1.7%,1.8%,2.3%,https://www.forexfactory.com/calendar?month=jun.2012
20120713,8:30am,USD,3,PPI m/m,0.1%,-0.5%,-1.0%,https://www.forexfactory.com/calendar?month=jul.2012
20120717,8:30am,USD,3,Core CPI m/m,0.2%,0.2%,0.2%,https://www.forexfactory.com/calendar?month=jul.2012
20120717,8:30am,USD,3,CPI y/y,1.7%,1.6%,1.7%,https://www.forexfactory.com/calendar?month=jul.2012
20120814,8:30am,USD,3,PPI m/m,0.3%,0.3%,0.1%,https://www.forexfactory.com/calendar?month=aug.2012
20120815,8:30am,USD,3,Core CPI m/m,0.1%,0.2%,0.2%,https://www.forexfactory.com/calendar?month=aug.2012
20120815,8:30am,USD,3,CPI y/y,1.4%,1.7%,1.7%,https://www.forexfactory.com/calendar?month=aug.2012
20120913,8:30am,USD,3,PPI m/m,1.7%,1.1%,0.3%,https://www.forexfactory.com/calendar?month=sep.2012
20120914,8:30am,USD,3,Core CPI m/m,0.1%,0.2%,0.1%,https://www.forexfactory.com/calendar?month=sep.2012
20120914,8:30am,USD,3,CPI y/y,1.7%,1.7%,1.4%,https://www.forexfactory.com/calendar?month=sep.2012
20121012,8:30am,USD,3,PPI m/m,1.1%,0.8%,1.7%,https://www.forexfactory.com/calendar?month=oct.2012
20121016,8:30am,USD,3,Core CPI m/m,0.1%,0.2%,0.1%,https://www.forexfactory.com/calendar?month=oct.2012
20121016,8:30am,USD,3,CPI y/y,2.0%,2.0%,1.7%,https://www.forexfactory.com/calendar?month=oct.2012
20121114,8:30am,USD,3,PPI m/m,-0.2%,0.2%,1.1%,https://www.forexfactory.com/calendar?month=nov.2012
20121115,8:30am,USD,3,Core CPI m/m,0.2%,0.1%,0.1%,https://www.forexfactory.com/calendar?month=nov.2012
20121115,8:30am,USD,3,CPI y/y,2.2%,2.1%,2.0%,https://www.forexfactory.com/calendar?month=nov.2012
20121213,8:30am,USD,3,PPI m/m,-0.8%,-0.5%,-0.2%,https://www.forexfactory.com/calendar?month=dec.2012
20121214,8:30am,USD,3,Core CPI m/m,0.1%,0.2%,0.2%,https://www.forexfactory.com/calendar?month=dec.2012
20121214,8:30am,USD,3,CPI y/y,1.8%,1.9%,2.2%,https://www.forexfactory.com/calendar?month=dec.2012
20130115,8:30am,USD,3,PPI m/m,-0.2%,-0.1%,-0.8%,https://www.forexfactory.com/calendar?month=jan.2013
20130116,8:30am,USD,3,Core CPI m/m,0.1%,0.2%,0.1%,https://www.forexfactory.com/calendar?month=jan.2013
20130116,8:30am,USD,3,CPI y/y,1.7%,1.8%,1.8%,https://www.forexfactory.com/calendar?month=jan.2013
20130220,8:30am,USD,3,PPI m/m,0.2%,0.3%,-0.2%,https://www.forexfactory.com/calendar?month=feb.2013
20130221,8:30am,USD,3,Core CPI m/m,0.3%,0.2%,0.1%,https://www.forexfactory.com/calendar?month=feb.2013
20130221,8:30am,USD,3,CPI y/y,1.6%,1.7%,1.7%,https://www.forexfactory.com/calendar?month=feb.2013
20130314,8:30am,USD,3,PPI m/m,0.7%,0.7%,0.2%,https://www.forexfactory.com/calendar?month=mar.2013
20130315,8:30am,USD,3,Core CPI m/m,0.2%,0.2%,0.3%,https://www.forexfactory.com/calendar?month=mar.2013
20130315,8:30am,USD,3,CPI y/y,2.0%,1.9%,1.6%,https://www.forexfactory.com/calendar?month=mar.2013
20130412,8:30am,USD,3,PPI m/m,-0.6%,-0.2%,0.7%,https://www.forexfactory.com/calendar?month=apr.2013
20130416,8:30am,USD,3,Core CPI m/m,0.1%,0.2%,0.2%,https://www.forexfactory.com/calendar?month=apr.2013
20130416,8:30am,USD,3,CPI y/y,1.5%,1.7%,2.0%,https://www.forexfactory.com/calendar?month=apr.2013
20130515,8:30am,USD,3,PPI m/m,-0.7%,-0.6%,-0.6%,https://www.forexfactory.com/calendar?month=may.2013
20130516,8:30am,USD,3,Core CPI m/m,0.1%,0.2%,0.1%,https://www.forexfactory.com/calendar?month=may.2013
20130516,8:30am,USD,3,CPI y/y,1.1%,1.3%,1.5%,https://www.forexfactory.com/calendar?month=may.2013
20130614,8:30am,USD,3,PPI m/m,0.5%,0.1%,-0.7%,https://www.forexfactory.com/calendar?month=jun.2013
20130618,8:30am,USD,3,Core CPI m/m,0.2%,0.2%,0.1%,https://www.forexfactory.com/calendar?month=jun.2013
20130618,8:30am,USD,3,CPI y/y,1.4%,1.4%,1.1%,https://www.forexfactory.com/calendar?month=jun.2013
20130712,8:30am,USD,3,PPI m/m,0.8%,0.5%,0.5%,https://www.forexfactory.com/calendar?month=jul.2013
20130716,8:30am,USD,3,Core CPI m/m,0.2%,0.2%,0.2%,https://www.forexfactory.com/calendar?month=jul.2013
20130716,8:30am,USD,3,CPI y/y,1.8%,1.6%,1.4%,https://www.forexfactory.com/calendar?month=jul.2013
20130814,8:30am,USD,3,PPI m/m,0.0%,0.4%,0.8%,https://www.forexfactory.com/calendar?month=aug.2013
20130815,8:30am,USD,3,Core CPI m/m,0.2%,0.2%,0.2%,https://www.forexfactory.com/calendar?month=aug.2013
20130815,8:30am,USD,3,CPI y/y,2.0%,2.0%,1.8%,https://www.forexfactory.com/calendar?month=aug.2013
20130913,8:30am,USD,3,PPI m/m,0.3%,0.2%,0.0%,https://www.forexfactory.com/calendar?month=sep.2013
20130917,8:30am,USD,3,Core CPI m/m,0.1%,0.1%,0.2%,https://www.forexfactory.com/calendar?month=sep.2013
20130917,8:30am,USD,3,CPI y/y,1.5%,1.6%,2.0%,https://www.forexfactory.com/calendar?month=sep.2013
20131029,8:30am,USD,3,PPI m/m,-0.1%,0.2%,0.3%,https://www.forexfactory.com/calendar?month=oct.2013
20131030,8:30am,USD,3,Core CPI m/m,0.1%,0.2%,0.1%,https://www.forexfactory.com/calendar?month=oct.2013
20131030,8:30am,USD,3,CPI y/y,1.2%,1.2%,1.5%,https://www.forexfactory.com/calendar?month=oct.2013
20131120,8:30am,USD,3,Core CPI m/m,0.1%,0.1%,0.1%,https://www.forexfactory.com/calendar?month=nov.2013
20131120,8:30am,USD,3,CPI y/y,1.0%,1.0%,1.2%,https://www.forexfactory.com/calendar?month=nov.2013
20131121,8:30am,USD,3,PPI m/m,-0.2%,-0.2%,-0.1%,https://www.forexfactory.com/calendar?month=nov.2013
20131213,8:30am,USD,3,PPI m/m,-0.1%,0.0%,-0.2%,https://www.forexfactory.com/calendar?month=dec.2013
20131217,8:30am,USD,3,Core CPI m/m,0.2%,0.1%,0.1%,https://www.forexfactory.com/calendar?month=dec.2013
20131217,8:30am,USD,3,CPI y/y,1.2%,1.2%,1.0%,https://www.forexfactory.com/calendar?month=dec.2013
20140115,8:30am,USD,3,PPI m/m,0.4%,0.5%,-0.1%,https://www.forexfactory.com/calendar?month=jan.2014
20140116,8:30am,USD,3,Core CPI m/m,0.1%,0.1%,0.2%,https://www.forexfactory.com/calendar?month=jan.2014
20140116,8:30am,USD,3,CPI y/y,1.5%,1.5%,1.2%,https://www.forexfactory.com/calendar?month=jan.2014
20140219,8:30am,USD,3,PPI m/m,0.2%,0.2%,0.1%,https://www.forexfactory.com/calendar?month=feb.2014
20140220,8:30am,USD,3,Core CPI m/m,0.1%,0.1%,0.1%,https://www.forexfactory.com/calendar?month=feb.2014
20140220,8:30am,USD,3,CPI y/y,1.6%,1.6%,1.5%,https://www.forexfactory.com/calendar?month=feb.2014
20140314,8:30am,USD,3,PPI m/m,-0.1%,0.2%,0.2%,https://www.forexfactory.com/calendar?month=mar.2014
20140318,8:30am,USD,3,Core CPI m/m,0.1%,0.1%,0.1%,https://www.forexfactory.com/calendar?month=mar.2014
20140318,8:30am,USD,3,CPI y/y,1.1%,1.2%,1.6%,https://www.forexfactory.com/calendar?month=mar.2014
20140411,8:30am,USD,3,PPI m/m,0.5%,0.1%,-0.1%,https://www.forexfactory.com/calendar?month=apr.2014
20140415,8:30am,USD,3,Core CPI m/m,0.2%,0.1%,0.1%,https://www.forexfactory.com/calendar?month=apr.2014
20140415,8:30am,USD,3,CPI y/y,1.5%,1.5%,1.1%,https://www.forexfactory.com/calendar?month=apr.2014
20140514,8:30am,USD,3,PPI m/m,0.6%,0.2%,0.5%,https://www.forexfactory.com/calendar?month=may.2014
20140515,8:30am,USD,3,Core CPI m/m,0.2%,0.1%,0.2%,https://www.forexfactory.com/calendar?month=may.2014
20140515,8:30am,USD,3,CPI y/y,2.0%,2.0%,1.5%,https://www.forexfactory.com/calendar?month=may.2014
20140613,8:30am,USD,3,PPI m/m,-0.2%,0.1%,0.6%,https://www.forexfactory.com/calendar?month=jun.2014
20140617,8:30am,USD,3,Core CPI m/m,0.3%,0.2%,0.2%,https://www.forexfactory.com/calendar?month=jun.2014
20140617,8:30am,USD,3,CPI y/y,2.1%,2.0%,2.0%,https://www.forexfactory.com/calendar?month=jun.2014
20140716,8:30am,USD,3,PPI m/m,0.4%,0.2%,-0.2%,https://www.forexfactory.com/calendar?month=jul.2014
20140722,8:30am,USD,3,Core CPI m/m,0.1%,0.2%,0.3%,https://www.forexfactory.com/calendar?month=jul.2014
20140722,8:30am,USD,3,CPI y/y,2.1%,2.1%,2.1%,https://www.forexfactory.com/calendar?month=jul.2014
20140815,8:30am,USD,3,PPI m/m,0.1%,0.1%,0.4%,https://www.forexfactory.com/calendar?month=aug.2014
20140819,8:30am,USD,3,Core CPI m/m,0.1%,0.2%,0.1%,https://www.forexfactory.com/calendar?month=aug.2014
20140819,8:30am,USD,3,CPI m/m,0.1%,0.1%,0.3%,https://www.forexfactory.com/calendar?month=aug.2014
20140819,8:30am,USD,3,CPI y/y,2.0%,2.0%,2.1%,https://www.forexfactory.com/calendar?month=aug.2014
20140916,8:30am,USD,3,PPI m/m,0.0%,0.1%,0.1%,https://www.forexfactory.com/calendar?month=sep.2014
20140917,8:30am,USD,3,Core CPI m/m,0.0%,0.2%,0.1%,https://www.forexfactory.com/calendar?month=sep.2014
20140917,8:30am,USD,3,CPI m/m,-0.2%,0.1%,0.1%,https://www.forexfactory.com/calendar?month=sep.2014
20140917,8:30am,USD,3,CPI y/y,1.7%,1.9%,2.0%,https://www.forexfactory.com/calendar?month=sep.2014
20141015,8:30am,USD,3,PPI m/m,-0.1%,0.1%,0.0%,https://www.forexfactory.com/calendar?month=oct.2014
20141022,8:30am,USD,3,Core CPI m/m,0.1%,0.2%,0.0%,https://www.forexfactory.com/calendar?month=oct.2014
20141022,8:30am,USD,3,CPI m/m,0.1%,0.0%,-0.2%,https://www.forexfactory.com/calendar?month=oct.2014
20141022,8:30am,USD,3,CPI y/y,1.7%,1.6%,1.7%,https://www.forexfactory.com/calendar?month=oct.2014
20141118,8:30am,USD,3,PPI m/m,0.2%,-0.1%,-0.1%,https://www.forexfactory.com/calendar?month=nov.2014
20141120,8:30am,USD,3,Core CPI m/m,0.2%,0.2%,0.1%,https://www.forexfactory.com/calendar?month=nov.2014
20141120,8:30am,USD,3,CPI m/m,0.0%,-0.1%,0.1%,https://www.forexfactory.com/calendar?month=nov.2014
20141120,8:30am,USD,3,CPI y/y,1.7%,1.6%,1.7%,https://www.forexfactory.com/calendar?month=nov.2014
20141212,8:30am,USD,3,PPI m/m,-0.2%,-0.1%,0.2%,https://www.forexfactory.com/calendar?month=dec.2014
20141217,8:30am,USD,3,Core CPI m/m,0.1%,0.1%,0.2%,https://www.forexfactory.com/calendar?month=dec.2014
20141217,8:30am,USD,3,CPI m/m,-0.3%,-0.1%,0.0%,https://www.forexfactory.com/calendar?month=dec.2014
20141217,8:30am,USD,3,CPI y/y,1.3%,1.4%,1.7%,https://www.forexfactory.com/calendar?month=dec.2014
20150115,8:30am,USD,3,PPI m/m,-0.3%,-0.3%,-0.2%,https://www.forexfactory.com/calendar?month=jan.2015
20150116,8:30am,USD,3,Core CPI m/m,0.0%,0.1%,0.1%,https://www.forexfactory.com/calendar?month=jan.2015
20150116,8:30am,USD,3,CPI m/m,-0.4%,-0.3%,-0.3%,https://www.forexfactory.com/calendar?month=jan.2015
20150116,8:30am,USD,3,CPI y/y,0.8%,0.7%,1.3%,https://www.forexfactory.com/calendar?month=jan.2015
20150218,8:30am,USD,3,PPI m/m,-0.8%,-0.4%,-0.3%,https://www.forexfactory.com/calendar?month=feb.2015
20150226,8:30am,USD,3,Core CPI m/m,0.2%,0.1%,0.0%,https://www.forexfactory.com/calendar?month=feb.2015
20150226,8:30am,USD,3,CPI m/m,-0.7%,-0.6%,-0.4%,https://www.forexfactory.com/calendar?month=feb.2015
20150226,8:30am,USD,3,CPI y/y,-0.1%,-0.1%,0.8%,https://www.forexfactory.com/calendar?month=feb.2015
20150313,8:30am,USD,3,PPI m/m,-0.5%,0.2%,-0.8%,https://www.forexfactory.com/calendar?month=mar.2015
20150324,8:30am,USD,3,Core CPI m/m,0.2%,0.1%,0.2%,https://www.forexfactory.com/calendar?month=mar.2015
20150324,8:30am,USD,3,CPI m/m,0.2%,0.2%,-0.7%,https://www.forexfactory.com/calendar?month=mar.2015
20150324,8:30am,USD,3,CPI y/y,0.0%,-0.1%,-0.1%,https://www.forexfactory.com/calendar?month=mar.2015
20150414,8:30am,USD,3,PPI m/m,0.2%,0.3%,-0.5%,https://www.forexfactory.com/calendar?month=apr.2015
20150417,8:30am,USD,3,Core CPI m/m,0.2%,0.2%,0.2%,https://www.forexfactory.com/calendar?month=apr.2015
20150417,8:30am,USD,3,CPI m/m,0.2%,0.2%,0.2%,https://www.forexfactory.com/calendar?month=apr.2015
20150417,8:30am,USD,3,CPI y/y,-0.1%,0.0%,-0.1%,https://www.forexfactory.com/calendar?month=apr.2015
20150514,8:30am,USD,3,PPI m/m,-0.4%,0.1%,0.2%,https://www.forexfactory.com/calendar?month=may.2015
20150522,8:30am,USD,3,Core CPI m/m,0.3%,0.2%,0.2%,https://www.forexfactory.com/calendar?month=may.2015
20150522,8:30am,USD,3,CPI m/m,0.1%,0.1%,0.2%,https://www.forexfactory.com/calendar?month=may.2015
20150522,8:30am,USD,3,CPI y/y,-0.2%,-0.2%,-0.1%,https://www.forexfactory.com/calendar?month=may.2015
20150612,8:30am,USD,3,PPI m/m,0.5%,0.4%,-0.4%,https://www.forexfactory.com/calendar?month=jun.2015
20150618,8:30am,USD,3,Core CPI m/m,0.1%,0.2%,0.3%,https://www.forexfactory.com/calendar?month=jun.2015
20150618,8:30am,USD,3,CPI m/m,0.4%,0.5%,0.1%,https://www.forexfactory.com/calendar?month=jun.2015
20150618,8:30am,USD,3,CPI y/y,0.0%,0.1%,-0.2%,https://www.forexfactory.com/calendar?month=jun.2015
20150715,8:30am,USD,3,PPI m/m,0.4%,0.2%,0.5%,https://www.forexfactory.com/calendar?month=jul.2015
20150717,8:30am,USD,3,Core CPI m/m,0.2%,0.2%,0.1%,https://www.forexfactory.com/calendar?month=jul.2015
20150717,8:30am,USD,3,CPI m/m,0.3%,0.3%,0.4%,https://www.forexfactory.com/calendar?month=jul.2015
20150717,8:30am,USD,3,CPI y/y,0.1%,0.0%,0.0%,https://www.forexfactory.com/calendar?month=jul.2015
20150814,8:30am,USD,3,PPI m/m,0.2%,0.1%,0.4%,https://www.forexfactory.com/calendar?month=aug.2015
20150819,8:30am,USD,3,Core CPI m/m,0.1%,0.2%,0.2%,https://www.forexfactory.com/calendar?month=aug.2015
20150819,8:30am,USD,3,CPI m/m,0.1%,0.2%,0.3%,https://www.forexfactory.com/calendar?month=aug.2015
20150819,8:30am,USD,3,CPI y/y,0.2%,0.2%,0.1%,https://www.forexfactory.com/calendar?month=aug.2015
20150911,8:30am,USD,3,PPI m/m,0.0%,-0.1%,0.2%,https://www.forexfactory.com/calendar?month=sep.2015
20150916,8:30am,USD,3,Core CPI m/m,0.1%,0.1%,0.1%,https://www.forexfactory.com/calendar?month=sep.2015
20150916,8:30am,USD,3,CPI m/m,-0.1%,0.0%,0.1%,https://www.forexfactory.com/calendar?month=sep.2015
20150916,8:30am,USD,3,CPI y/y,0.2%,0.2%,0.2%,https://www.forexfactory.com/calendar?month=sep.2015
20151014,8:30am,USD,3,PPI m/m,-0.5%,-0.2%,0.0%,https://www.forexfactory.com/calendar?month=oct.2015
20151015,8:30am,USD,3,Core CPI m/m,0.2%,0.1%,0.1%,https://www.forexfactory.com/calendar?month=oct.2015
20151015,8:30am,USD,3,CPI m/m,-0.2%,-0.2%,-0.1%,https://www.forexfactory.com/calendar?month=oct.2015
20151015,8:30am,USD,3,CPI y/y,0.0%,-0.1%,0.2%,https://www.forexfactory.com/calendar?month=oct.2015
20151113,8:30am,USD,3,PPI m/m,-0.4%,0.2%,-0.5%,https://www.forexfactory.com/calendar?month=nov.2015
20151117,8:30am,USD,3,Core CPI m/m,0.2%,0.2%,0.2%,https://www.forexfactory.com/calendar?month=nov.2015
20151117,8:30am,USD,3,CPI m/m,0.2%,0.2%,-0.2%,https://www.forexfactory.com/calendar?month=nov.2015
20151117,8:30am,USD,3,CPI y/y,0.2%,0.1%,0.0%,https://www.forexfactory.com/calendar?month=nov.2015
20151211,8:30am,USD,3,PPI m/m,0.3%,0.0%,-0.4%,https://www.forexfactory.com/calendar?month=dec.2015
20151215,8:30am,USD,3,Core CPI m/m,0.2%,0.2%,0.2%,https://www.forexfactory.com/calendar?month=dec.2015
20151215,8:30am,USD,3,CPI m/m,0.0%,0.0%,0.2%,https://www.forexfactory.com/calendar?month=dec.2015
20151215,8:30am,USD,3,CPI y/y,0.5%,0.5%,0.2%,https://www.forexfactory.com/calendar?month=dec.2015
20160115,8:30am,USD,3,PPI m/m,-0.2%,-0.2%,0.3%,https://www.forexfactory.com/calendar?month=jan.2016
20160120,8:30am,USD,3,Core CPI m/m,0.1%,0.2%,0.2%,https://www.forexfactory.com/calendar?month=jan.2016
20160120,8:30am,USD,3,CPI m/m,-0.1%,0.0%,0.0%,https://www.forexfactory.com/calendar?month=jan.2016
20160120,8:30am,USD,3,CPI y/y,0.7%,0.8%,0.5%,https://www.forexfactory.com/calendar?month=jan.2016
20160217,8:30am,USD,3,PPI m/m,0.1%,-0.2%,-0.2%,https://www.forexfactory.com/calendar?month=feb.2016
20160219,8:30am,USD,3,Core CPI m/m,0.3%,0.2%,0.1%,https://www.forexfactory.com/calendar?month=feb.2016
20160219,8:30am,USD,3,CPI m/m,0.0%,-0.1%,-0.1%,https://www.forexfactory.com/calendar?month=feb.2016
20160219,8:30am,USD,3,CPI y/y,1.4%,1.3%,0.7%,https://www.forexfactory.com/calendar?month=feb.2016
20160315,8:30am,USD,3,PPI m/m,-0.2%,-0.2%,0.1%,https://www.forexfactory.com/calendar?month=mar.2016
20160316,8:30am,USD,3,Core CPI m/m,0.3%,0.2%,0.3%,https://www.forexfactory.com/calendar?month=mar.2016
20160316,8:30am,USD,3,CPI m/m,-0.2%,-0.2%,0.0%,https://www.forexfactory.com/calendar?month=mar.2016
20160316,8:30am,USD,3,CPI y/y,1.0%,0.9%,1.4%,https://www.forexfactory.com/calendar?month=mar.2016
20160413,8:30am,USD,3,PPI m/m,-0.1%,0.3%,-0.2%,https://www.forexfactory.com/calendar?month=apr.2016
20160414,8:30am,USD,3,Core CPI m/m,0.1%,0.2%,0.3%,https://www.forexfactory.com/calendar?month=apr.2016
20160414,8:30am,USD,3,CPI m/m,0.1%,0.2%,-0.2%,https://www.forexfactory.com/calendar?month=apr.2016
20160414,8:30am,USD,3,CPI y/y,0.9%,1.1%,1.0%,https://www.forexfactory.com/calendar?month=apr.2016
20160513,8:30am,USD,3,PPI m/m,0.2%,0.3%,-0.1%,https://www.forexfactory.com/calendar?month=may.2016
20160517,8:30am,USD,3,Core CPI m/m,0.2%,0.2%,0.1%,https://www.forexfactory.com/calendar?month=may.2016
20160517,8:30am,USD,3,CPI m/m,0.4%,0.3%,0.1%,https://www.forexfactory.com/calendar?month=may.2016
20160517,8:30am,USD,3,CPI y/y,1.1%,1.0%,0.9%,https://www.forexfactory.com/calendar?month=may.2016
20160615,8:30am,USD,3,PPI m/m,0.4%,0.3%,0.2%,https://www.forexfactory.com/calendar?month=jun.2016
20160616,8:30am,USD,3,Core CPI m/m,0.2%,0.2%,0.2%,https://www.forexfactory.com/calendar?month=jun.2016
20160616,8:30am,USD,3,CPI m/m,0.2%,0.3%,0.4%,https://www.forexfactory.com/calendar?month=jun.2016
20160616,8:30am,USD,3,CPI y/y,1.0%,1.0%,1.1%,https://www.forexfactory.com/calendar?month=jun.2016
20160714,8:30am,USD,3,PPI m/m,0.5%,0.3%,0.4%,https://www.forexfactory.com/calendar?month=jul.2016
20160715,8:30am,USD,3,Core CPI m/m,0.2%,0.2%,0.2%,https://www.forexfactory.com/calendar?month=jul.2016
20160715,8:30am,USD,3,CPI m/m,0.2%,0.2%,0.2%,https://www.forexfactory.com/calendar?month=jul.2016
20160715,8:30am,USD,3,CPI y/y,1.0%,1.1%,1.0%,https://www.forexfactory.com/calendar?month=jul.2016
20160812,8:30am,USD,3,PPI m/m,-0.4%,0.1%,0.5%,https://www.forexfactory.com/calendar?month=aug.2016
20160816,8:30am,USD,3,Core CPI m/m,0.1%,0.2%,0.2%,https://www.forexfactory.com/calendar?month=aug.2016
20160816,8:30am,USD,3,CPI m/m,0.0%,0.0%,0.2%,https://www.forexfactory.com/calendar?month=aug.2016
20160816,8:30am,USD,3,CPI y/y,0.8%,0.9%,1.0%,https://www.forexfactory.com/calendar?month=aug.2016
20160915,8:30am,USD,3,PPI m/m,0.0%,0.1%,-0.4%,https://www.forexfactory.com/calendar?month=sep.2016
20160916,8:30am,USD,3,Core CPI m/m,0.3%,0.2%,0.1%,https://www.forexfactory.com/calendar?month=sep.2016
20160916,8:30am,USD,3,CPI m/m,0.2%,0.1%,0.0%,https://www.forexfactory.com/calendar?month=sep.2016
20160916,8:30am,USD,3,CPI y/y,1.1%,1.0%,0.8%,https://www.forexfactory.com/calendar?month=sep.2016
20161014,8:30am,USD,3,PPI m/m,0.3%,0.2%,0.0%,https://www.forexfactory.com/calendar?month=oct.2016
20161018,8:30am,USD,3,Core CPI m/m,0.1%,0.2%,0.3%,https://www.forexfactory.com/calendar?month=oct.2016
20161018,8:30am,USD,3,CPI m/m,0.3%,0.3%,0.2%,https://www.forexfactory.com/calendar?month=oct.2016
20161018,8:30am,USD,3,CPI y/y,1.5%,1.5%,1.1%,https://www.forexfactory.com/calendar?month=oct.2016
20161116,8:30am,USD,3,PPI m/m,0.0%,0.3%,0.3%,https://www.forexfactory.com/calendar?month=nov.2016
20161117,8:30am,USD,3,Core CPI m/m,0.1%,0.2%,0.1%,https://www.forexfactory.com/calendar?month=nov.2016
20161117,8:30am,USD,3,CPI m/m,0.4%,0.4%,0.3%,https://www.forexfactory.com/calendar?month=nov.2016
20161117,8:30am,USD,3,CPI y/y,1.6%,1.6%,1.5%,https://www.forexfactory.com/calendar?month=nov.2016
20161214,8:30am,USD,3,PPI m/m,0.4%,0.1%,0.0%,https://www.forexfactory.com/calendar?month=dec.2016
20161215,8:30am,USD,3,Core CPI m/m,0.2%,0.2%,0.1%,https://www.forexfactory.com/calendar?month=dec.2016
20161215,8:30am,USD,3,CPI m/m,0.2%,0.2%,0.4%,https://www.forexfactory.com/calendar?month=dec.2016
20161215,8:30am,USD,3,CPI y/y,1.7%,1.7%,1.6%,https://www.forexfactory.com/calendar?month=dec.2016
20170113,8:30am,USD,3,PPI m/m,0.3%,0.1%,0.4%,https://www.forexfactory.com/calendar?month=jan.2017
20170118,8:30am,USD,3,Core CPI m/m,0.2%,0.2%,0.2%,https://www.forexfactory.com/calendar?month=jan.2017
20170118,8:30am,USD,3,CPI m/m,0.3%,0.3%,0.2%,https://www.forexfactory.com/calendar?month=jan.2017
20170118,8:30am,USD,3,CPI y/y,2.1%,2.1%,1.7%,https://www.forexfactory.com/calendar?month=jan.2017
20170214,8:30am,USD,3,PPI m/m,0.6%,0.3%,0.3%,https://www.forexfactory.com/calendar?month=feb.2017
20170215,8:30am,USD,3,Core CPI m/m,0.3%,0.2%,0.2%,https://www.forexfactory.com/calendar?month=feb.2017
20170215,8:30am,USD,3,CPI m/m,0.6%,0.3%,0.3%,https://www.forexfactory.com/calendar?month=feb.2017
20170215,8:30am,USD,3,CPI y/y,2.5%,2.4%,2.1%,https://www.forexfactory.com/calendar?month=feb.2017
20170314,8:30am,USD,3,PPI m/m,0.3%,0.1%,0.6%,https://www.forexfactory.com/calendar?month=mar.2017
20170315,8:30am,USD,3,Core CPI m/m,0.2%,0.2%,0.3%,https://www.forexfactory.com/calendar?month=mar.2017
20170315,8:30am,USD,3,CPI m/m,0.1%,0.0%,0.6%,https://www.forexfactory.com/calendar?month=mar.2017
20170315,8:30am,USD,3,CPI y/y,2.7%,2.7%,2.5%,https://www.forexfactory.com/calendar?month=mar.2017
20170413,8:30am,USD,3,PPI m/m,-0.1%,0.0%,0.3%,https://www.forexfactory.com/calendar?month=apr.2017
20170414,8:30am,USD,3,Core CPI m/m,-0.1%,0.2%,0.2%,https://www.forexfactory.com/calendar?month=apr.2017
20170414,8:30am,USD,3,CPI m/m,-0.3%,0.0%,0.1%,https://www.forexfactory.com/calendar?month=apr.2017
20170414,8:30am,USD,3,CPI y/y,2.4%,2.6%,2.7%,https://www.forexfactory.com/calendar?month=apr.2017
20170511,8:30am,USD,3,PPI m/m,0.5%,0.2%,-0.1%,https://www.forexfactory.com/calendar?month=may.2017
20170512,8:30am,USD,3,Core CPI m/m,0.1%,0.2%,-0.1%,https://www.forexfactory.com/calendar?month=may.2017
20170512,8:30am,USD,3,CPI m/m,0.2%,0.3%,-0.3%,https://www.forexfactory.com/calendar?month=may.2017
20170512,8:30am,USD,3,CPI y/y,2.2%,2.3%,2.4%,https://www.forexfactory.com/calendar?month=may.2017
20170613,8:30am,USD,3,PPI m/m,0.0%,0.0%,0.5%,https://www.forexfactory.com/calendar?month=jun.2017
20170614,8:30am,USD,3,Core CPI m/m,0.1%,0.2%,0.1%,https://www.forexfactory.com/calendar?month=jun.2017
20170614,8:30am,USD,3,CPI m/m,-0.1%,0.2%,0.2%,https://www.forexfactory.com/calendar?month=jun.2017
20170614,8:30am,USD,3,CPI y/y,1.9%,2.0%,2.2%,https://www.forexfactory.com/calendar?month=jun.2017
20170713,8:30am,USD,3,PPI m/m,0.1%,0.0%,0.0%,https://www.forexfactory.com/calendar?month=jul.2017
20170714,8:30am,USD,3,Core CPI m/m,0.1%,0.2%,0.1%,https://www.forexfactory.com/calendar?month=jul.2017
20170714,8:30am,USD,3,CPI m/m,0.0%,0.1%,-0.1%,https://www.forexfactory.com/calendar?month=jul.2017
20170714,8:30am,USD,3,CPI y/y,1.6%,1.7%,1.9%,https://www.forexfactory.com/calendar?month=jul.2017
20170810,8:30am,USD,3,PPI m/m,-0.1%,0.1%,0.1%,https://www.forexfactory.com/calendar?month=aug.2017
20170811,8:30am,USD,3,Core CPI m/m,0.1%,0.2%,0.1%,https://www.forexfactory.com/calendar?month=aug.2017
20170811,8:30am,USD,3,CPI m/m,0.1%,0.2%,0.0%,https://www.forexfactory.com/calendar?month=aug.2017
20170811,8:30am,USD,3,CPI y/y,1.7%,1.8%,1.6%,https://www.forexfactory.com/calendar?month=aug.2017
20170913,8:30am,USD,3,PPI m/m,0.2%,0.3%,-0.1%,https://www.forexfactory.com/calendar?month=sep.2017
20170914,8:30am,USD,3,Core CPI m/m,0.2%,0.2%,0.1%,https://www.forexfactory.com/calendar?month=sep.2017
20170914,8:30am,USD,3,CPI m/m,0.4%,0.3%,0.1%,https://www.forexfactory.com/calendar?month=sep.2017
20170914,8:30am,USD,3,CPI y/y,1.9%,1.8%,1.7%,https://www.forexfactory.com/calendar?month=sep.2017
20171012,8:30am,USD,3,PPI m/m,0.4%,0.4%,0.2%,https://www.forexfactory.com/calendar?month=oct.2017
20171013,8:30am,USD,3,Core CPI m/m,0.1%,0.2%,0.2%,https://www.forexfactory.com/calendar?month=oct.2017
20171013,8:30am,USD,3,CPI m/m,0.5%,0.6%,0.4%,https://www.forexfactory.com/calendar?month=oct.2017
20171013,8:30am,USD,3,CPI y/y,2.2%,2.3%,1.9%,https://www.forexfactory.com/calendar?month=oct.2017
20171114,8:30am,USD,3,PPI m/m,0.4%,0.1%,0.4%,https://www.forexfactory.com/calendar?month=nov.2017
20171115,8:30am,USD,3,Core CPI m/m,0.2%,0.2%,0.1%,https://www.forexfactory.com/calendar?month=nov.2017
20171115,8:30am,USD,3,CPI m/m,0.1%,0.1%,0.5%,https://www.forexfactory.com/calendar?month=nov.2017
20171115,8:30am,USD,3,CPI y/y,2.0%,2.0%,2.2%,https://www.forexfactory.com/calendar?month=nov.2017
20171212,8:30am,USD,3,PPI m/m,0.4%,0.4%,0.4%,https://www.forexfactory.com/calendar?month=dec.2017
20171213,8:30am,USD,3,Core CPI m/m,0.1%,0.2%,0.2%,https://www.forexfactory.com/calendar?month=dec.2017
20171213,8:30am,USD,3,CPI m/m,0.4%,0.4%,0.1%,https://www.forexfactory.com/calendar?month=dec.2017
20171213,8:30am,USD,3,CPI y/y,2.2%,2.2%,2.0%,https://www.forexfactory.com/calendar?month=dec.2017
20180111,8:30am,USD,3,PPI m/m,-0.1%,0.2%,0.4%,https://www.forexfactory.com/calendar?month=jan.2018
20180112,8:30am,USD,3,Core CPI m/m,0.3%,0.2%,0.1%,https://www.forexfactory.com/calendar?month=jan.2018
20180112,8:30am,USD,3,CPI m/m,0.1%,0.1%,0.4%,https://www.forexfactory.com/calendar?month=jan.2018
20180112,8:30am,USD,3,CPI y/y,2.1%,2.1%,2.2%,https://www.forexfactory.com/calendar?month=jan.2018
20180214,8:30am,USD,3,Core CPI m/m,0.3%,0.2%,0.3%,https://www.forexfactory.com/calendar?month=feb.2018
20180214,8:30am,USD,3,CPI m/m,0.5%,0.3%,0.1%,https://www.forexfactory.com/calendar?month=feb.2018
20180214,8:30am,USD,3,CPI y/y,2.1%,1.9%,2.1%,https://www.forexfactory.com/calendar?month=feb.2018
20180215,8:30am,USD,3,PPI m/m,0.4%,0.4%,-0.1%,https://www.forexfactory.com/calendar?month=feb.2018
20180313,8:30am,USD,3,Core CPI m/m,0.2%,0.2%,0.3%,https://www.forexfactory.com/calendar?month=mar.2018
20180313,8:30am,USD,3,CPI m/m,0.2%,0.2%,0.5%,https://www.forexfactory.com/calendar?month=mar.2018
20180313,8:30am,USD,3,CPI y/y,2.2%,2.2%,2.1%,https://www.forexfactory.com/calendar?month=mar.2018
20180314,8:30am,USD,3,PPI m/m,0.2%,0.1%,0.4%,https://www.forexfactory.com/calendar?month=mar.2018
20180410,8:30am,USD,3,PPI m/m,0.3%,0.1%,0.2%,https://www.forexfactory.com/calendar?month=apr.2018
20180411,8:30am,USD,3,Core CPI m/m,0.2%,0.2%,0.2%,https://www.forexfactory.com/calendar?month=apr.2018
20180411,8:30am,USD,3,CPI m/m,-0.1%,0.0%,0.2%,https://www.forexfactory.com/calendar?month=apr.2018
20180411,8:30am,USD,3,CPI y/y,2.4%,2.4%,2.2%,https://www.forexfactory.com/calendar?month=apr.2018
20180509,8:30am,USD,3,PPI m/m,0.1%,0.2%,0.3%,https://www.forexfactory.com/calendar?month=may.2018
20180510,8:30am,USD,3,Core CPI m/m,0.1%,0.2%,0.2%,https://www.forexfactory.com/calendar?month=may.2018
20180510,8:30am,USD,3,CPI m/m,0.2%,0.3%,-0.1%,https://www.forexfactory.com/calendar?month=may.2018
20180510,8:30am,USD,3,CPI y/y,2.5%,2.5%,2.4%,https://www.forexfactory.com/calendar?month=may.2018
20180612,8:30am,USD,3,Core CPI m/m,0.2%,0.1%,0.1%,https://www.forexfactory.com/calendar?month=jun.2018
20180612,8:30am,USD,3,CPI m/m,0.2%,0.2%,0.2%,https://www.forexfactory.com/calendar?month=jun.2018
20180612,8:30am,USD,3,CPI y/y,2.8%,2.8%,2.5%,https://www.forexfactory.com/calendar?month=jun.2018
20180613,8:30am,USD,3,PPI m/m,0.5%,0.3%,0.1%,https://www.forexfactory.com/calendar?month=jun.2018
20180712,8:30am,USD,3,Core CPI m/m,0.2%,0.2%,0.2%,https://www.forexfactory.com/calendar?month=jul.2018
20180712,8:30am,USD,3,CPI m/m,0.1%,0.2%,0.2%,https://www.forexfactory.com/calendar?month=jul.2018
20180712,8:30am,USD,3,CPI y/y,2.9%,2.9%,2.8%,https://www.forexfactory.com/calendar?month=jul.2018
20180809,8:30am,USD,3,PPI m/m,0.0%,0.2%,0.3%,https://www.forexfactory.com/calendar?month=aug.2018
20180810,8:30am,USD,3,Core CPI m/m,0.2%,0.2%,0.2%,https://www.forexfactory.com/calendar?month=aug.2018
20180810,8:30am,USD,3,CPI m/m,0.2%,0.2%,0.1%,https://www.forexfactory.com/calendar?month=aug.2018
20180810,8:30am,USD,3,CPI y/y,2.9%,2.9%,2.9%,https://www.forexfactory.com/calendar?month=aug.2018
20180912,8:30am,USD,3,PPI m/m,-0.1%,0.2%,0.0%,https://www.forexfactory.com/calendar?month=sep.2018
20180913,8:30am,USD,3,Core CPI m/m,0.1%,0.2%,0.2%,https://www.forexfactory.com/calendar?month=sep.2018
20180913,8:30am,USD,3,CPI m/m,0.2%,0.3%,0.2%,https://www.forexfactory.com/calendar?month=sep.2018
20180913,8:30am,USD,3,CPI y/y,2.7%,2.8%,2.9%,https://www.forexfactory.com/calendar?month=sep.2018
20181010,8:30am,USD,3,PPI m/m,0.2%,0.2%,-0.1%,https://www.forexfactory.com/calendar?month=oct.2018
20181011,8:30am,USD,3,Core CPI m/m,0.1%,0.2%,0.1%,https://www.forexfactory.com/calendar?month=oct.2018
20181011,8:30am,USD,3,CPI m/m,0.1%,0.2%,0.2%,https://www.forexfactory.com/calendar?month=oct.2018
20181011,8:30am,USD,3,CPI y/y,2.3%,2.4%,2.7%,https://www.forexfactory.com/calendar?month=oct.2018
20181109,8:30am,USD,3,PPI m/m,0.6%,0.2%,0.2%,https://www.forexfactory.com/calendar?month=nov.2018
20181114,8:30am,USD,3,Core CPI m/m,0.2%,0.2%,0.1%,https://www.forexfactory.com/calendar?month=nov.2018
20181114,8:30am,USD,3,CPI m/m,0.3%,0.3%,0.1%,https://www.forexfactory.com/calendar?month=nov.2018
20181114,8:30am,USD,3,CPI y/y,2.5%,2.5%,2.3%,https://www.forexfactory.com/calendar?month=nov.2018
20181211,8:30am,USD,3,PPI m/m,0.1%,0.0%,0.6%,https://www.forexfactory.com/calendar?month=dec.2018
20181212,8:30am,USD,3,Core CPI m/m,0.2%,0.2%,0.2%,https://www.forexfactory.com/calendar?month=dec.2018
20181212,8:30am,USD,3,CPI m/m,0.0%,0.0%,0.3%,https://www.forexfactory.com/calendar?month=dec.2018
20181212,8:30am,USD,3,CPI y/y,2.2%,2.2%,2.5%,https://www.forexfactory.com/calendar?month=dec.2018
20190111,8:30am,USD,3,Core CPI m/m,0.2%,0.2%,0.2%,https://www.forexfactory.com/calendar?month=jan.2019
20190111,8:30am,USD,3,CPI m/m,-0.1%,-0.1%,0.0%,https://www.forexfactory.com/calendar?month=jan.2019
20190111,8:30am,USD,3,CPI y/y,1.9%,1.9%,2.2%,https://www.forexfactory.com/calendar?month=jan.2019
20190115,8:30am,USD,3,PPI m/m,-0.2%,-0.1%,0.1%,https://www.forexfactory.com/calendar?month=jan.2019
20190213,8:30am,USD,3,Core CPI m/m,0.2%,0.2%,0.2%,https://www.forexfactory.com/calendar?month=feb.2019
20190213,8:30am,USD,3,CPI m/m,0.0%,0.1%,-0.1%,https://www.forexfactory.com/calendar?month=feb.2019
20190213,8:30am,USD,3,CPI y/y,1.6%,1.5%,1.9%,https://www.forexfactory.com/calendar?month=feb.2019
20190214,8:30am,USD,3,PPI m/m,-0.1%,0.1%,-0.2%,https://www.forexfactory.com/calendar?month=feb.2019
20190312,8:30am,USD,3,Core CPI m/m,0.1%,0.2%,0.2%,https://www.forexfactory.com/calendar?month=mar.2019
20190312,8:30am,USD,3,CPI m/m,0.2%,0.2%,0.0%,https://www.forexfactory.com/calendar?month=mar.2019
20190312,8:30am,USD,3,CPI y/y,1.5%,1.6%,1.6%,https://www.forexfactory.com/calendar?month=mar.2019
20190313,8:30am,USD,3,PPI m/m,0.1%,0.2%,-0.1%,https://www.forexfactory.com/calendar?month=mar.2019
20190410,8:30am,USD,3,Core CPI m/m,0.1%,0.2%,0.1%,https://www.forexfactory.com/calendar?month=apr.2019
20190410,8:30am,USD,3,CPI m/m,0.4%,0.3%,0.2%,https://www.forexfactory.com/calendar?month=apr.2019
20190410,8:30am,USD,3,CPI y/y,1.9%,1.8%,1.5%,https://www.forexfactory.com/calendar?month=apr.2019
20190411,8:30am,USD,3,PPI m/m,0.6%,0.3%,0.1%,https://www.forexfactory.com/calendar?month=apr.2019
20190509,8:30am,USD,3,PPI m/m,0.2%,0.2%,0.6%,https://www.forexfactory.com/calendar?month=may.2019
20190510,8:30am,USD,3,Core CPI m/m,0.1%,0.2%,0.1%,https://www.forexfactory.com/calendar?month=may.2019
20190510,8:30am,USD,3,CPI m/m,0.3%,0.4%,0.4%,https://www.forexfactory.com/calendar?month=may.2019
20190510,8:30am,USD,3,CPI y/y,2.0%,2.1%,1.9%,https://www.forexfactory.com/calendar?month=may.2019
20190612,8:30am,USD,3,Core CPI m/m,0.1%,0.2%,0.1%,https://www.forexfactory.com/calendar?month=jun.2019
20190612,8:30am,USD,3,CPI m/m,0.1%,0.1%,0.3%,https://www.forexfactory.com/calendar?month=jun.2019
20190612,8:30am,USD,3,CPI y/y,1.8%,1.9%,2.0%,https://www.forexfactory.com/calendar?month=jun.2019
20190711,8:30am,USD,3,Core CPI m/m,0.3%,0.2%,0.1%,https://www.forexfactory.com/calendar?month=jul.2019
20190711,8:30am,USD,3,CPI m/m,0.1%,0.0%,0.1%,https://www.forexfactory.com/calendar?month=jul.2019
20190711,8:30am,USD,3,CPI y/y,1.6%,1.6%,1.8%,https://www.forexfactory.com/calendar?month=jul.2019
20190712,8:30am,USD,3,PPI m/m,0.1%,0.1%,0.1%,https://www.forexfactory.com/calendar?month=jul.2019
20190813,8:30am,USD,3,Core CPI m/m,0.3%,0.2%,0.3%,https://www.forexfactory.com/calendar?month=aug.2019
20190813,8:30am,USD,3,CPI m/m,0.3%,0.3%,0.1%,https://www.forexfactory.com/calendar?month=aug.2019
20190813,8:30am,USD,3,CPI y/y,1.8%,1.7%,1.6%,https://www.forexfactory.com/calendar?month=aug.2019
20190912,8:30am,USD,3,Core CPI m/m,0.3%,0.2%,0.3%,https://www.forexfactory.com/calendar?month=sep.2019
20190912,8:30am,USD,3,CPI m/m,0.1%,0.1%,0.3%,https://www.forexfactory.com/calendar?month=sep.2019
20190912,8:30am,USD,3,CPI y/y,1.7%,1.8%,1.8%,https://www.forexfactory.com/calendar?month=sep.2019
20191010,8:30am,USD,3,Core CPI m/m,0.1%,0.2%,0.3%,https://www.forexfactory.com/calendar?month=oct.2019
20191010,8:30am,USD,3,CPI m/m,0.0%,0.1%,0.1%,https://www.forexfactory.com/calendar?month=oct.2019
20191010,8:30am,USD,3,CPI y/y,1.7%,1.8%,1.7%,https://www.forexfactory.com/calendar?month=oct.2019
20191113,8:30am,USD,3,Core CPI m/m,0.2%,0.2%,0.1%,https://www.forexfactory.com/calendar?month=nov.2019
20191113,8:30am,USD,3,CPI m/m,0.4%,0.3%,0.0%,https://www.forexfactory.com/calendar?month=nov.2019
20191113,8:30am,USD,3,CPI y/y,1.8%,1.7%,1.7%,https://www.forexfactory.com/calendar?month=nov.2019
20191114,8:30am,USD,3,PPI m/m,0.4%,0.3%,-0.3%,https://www.forexfactory.com/calendar?month=nov.2019
20191211,8:30am,USD,3,Core CPI m/m,0.2%,0.2%,0.2%,https://www.forexfactory.com/calendar?month=dec.2019
20191211,8:30am,USD,3,CPI m/m,0.3%,0.2%,0.4%,https://www.forexfactory.com/calendar?month=dec.2019
20191211,8:30am,USD,3,CPI y/y,2.1%,2.0%,1.8%,https://www.forexfactory.com/calendar?month=dec.2019
20200114,8:30am,USD,3,Core CPI m/m,0.1%,0.2%,0.2%,https://www.forexfactory.com/calendar?month=jan.2020
20200114,8:30am,USD,3,CPI m/m,0.2%,0.2%,0.3%,https://www.forexfactory.com/calendar?month=jan.2020
20200114,8:30am,USD,3,CPI y/y,2.3%,2.3%,2.1%,https://www.forexfactory.com/calendar?month=jan.2020
20200213,8:30am,USD,3,Core CPI m/m,0.2%,0.2%,0.1%,https://www.forexfactory.com/calendar?month=feb.2020
20200213,8:30am,USD,3,CPI m/m,0.1%,0.2%,0.2%,https://www.forexfactory.com/calendar?month=feb.2020
20200213,8:30am,USD,3,CPI y/y,2.5%,2.4%,2.3%,https://www.forexfactory.com/calendar?month=feb.2020
20200311,8:30am,USD,3,Core CPI m/m,0.2%,0.2%,0.2%,https://www.forexfactory.com/calendar?month=mar.2020
20200311,8:30am,USD,3,CPI m/m,0.1%,0.0%,0.1%,https://www.forexfactory.com/calendar?month=mar.2020
20200311,8:30am,USD,3,CPI y/y,2.3%,2.2%,2.5%,https://www.forexfactory.com/calendar?month=mar.2020
20200410,8:30am,USD,3,Core CPI m/m,-0.1%,0.1%,0.2%,https://www.forexfactory.com/calendar?month=apr.2020
20200410,8:30am,USD,3,CPI m/m,-0.4%,-0.3%,0.1%,https://www.forexfactory.com/calendar?month=apr.2020
20200410,8:30am,USD,3,CPI y/y,1.5%,1.6%,2.3%,https://www.forexfactory.com/calendar?month=apr.2020
20200512,8:30am,USD,3,Core CPI m/m,-0.4%,-0.2%,-0.1%,https://www.forexfactory.com/calendar?month=may.2020
20200512,8:30am,USD,3,CPI m/m,-0.8%,-0.7%,-0.4%,https://www.forexfactory.com/calendar?month=may.2020
20200512,8:30am,USD,3,CPI y/y,0.3%,0.4%,1.5%,https://www.forexfactory.com/calendar?month=may.2020
20200610,8:30am,USD,3,Core CPI m/m,-0.1%,0.0%,-0.4%,https://www.forexfactory.com/calendar?month=jun.2020
20200610,8:30am,USD,3,CPI m/m,-0.1%,0.0%,-0.8%,https://www.forexfactory.com/calendar?month=jun.2020
20200610,8:30am,USD,3,CPI y/y,0.1%,0.3%,0.3%,https://www.forexfactory.com/calendar?month=jun.2020
20200714,8:30am,USD,3,CPI y/y,0.6%,0.6%,0.1%,https://www.forexfactory.com/calendar?month=jul.2020
20200811,8:30am,USD,1,Core PPI m/m,0.5%,0.1%,-0.3%,https://www.forexfactory.com/calendar?month=aug.2020
20200811,8:30am,USD,1,PPI m/m,0.6%,0.3%,-0.2%,https://www.forexfactory.com/calendar?month=aug.2020
20200812,8:30am,USD,3,Core CPI m/m,0.6%,0.2%,0.2%,https://www.forexfactory.com/calendar?month=aug.2020
20200812,8:30am,USD,3,CPI m/m,0.6%,0.3%,0.6%,https://www.forexfactory.com/calendar?month=aug.2020
20200812,8:30am,USD,3,CPI y/y,1.0%,0.7%,0.6%,https://www.forexfactory.com/calendar?month=aug.2020
20200911,8:30am,USD,3,CPI y/y,1.3%,1.2%,1.0%,https://www.forexfactory.com/calendar?month=sep.2020
20201013,8:30am,USD,3,CPI y/y,1.4%,1.4%,1.3%,https://www.forexfactory.com/calendar?month=oct.2020
20201112,8:30am,USD,3,CPI y/y,1.2%,1.3%,1.4%,https://www.forexfactory.com/calendar?month=nov.2020
20201210,8:30am,USD,3,CPI y/y,1.2%,1.2%,1.2%,https://www.forexfactory.com/calendar?month=dec.2020
20210113,8:30am,USD,3,CPI y/y,1.4%,1.4%,1.2%,https://www.forexfactory.com/calendar?month=jan.2021
20210115,8:30am,USD,1,Core PPI m/m,0.1%,0.1%,0.1%,https://www.forexfactory.com/calendar?month=jan.2021
20210115,8:30am,USD,1,PPI m/m,0.3%,0.4%,0.1%,https://www.forexfactory.com/calendar?month=jan.2021
20210210,8:30am,USD,3,CPI m/m,0.3%,0.3%,0.4%,https://www.forexfactory.com/calendar?month=feb.2021
20210210,8:30am,USD,3,CPI y/y,1.4%,1.4%,1.4%,https://www.forexfactory.com/calendar?month=feb.2021
20210217,8:30am,USD,1,Core PPI m/m,1.2%,0.2%,0.1%,https://www.forexfactory.com/calendar?month=feb.2021
20210217,8:30am,USD,1,PPI m/m,1.3%,0.4%,0.3%,https://www.forexfactory.com/calendar?month=feb.2021
20210310,7:30am,USD,3,CPI y/y,1.7%,1.7%,1.4%,https://www.forexfactory.com/calendar?month=mar.2021
20210310,8:30am,USD,3,Core CPI m/m,0.1%,0.2%,0.0%,https://www.forexfactory.com/calendar?month=mar.2021
20210310,8:30am,USD,3,CPI m/m,0.4%,0.4%,0.3%,https://www.forexfactory.com/calendar?month=mar.2021
20210312,8:30am,USD,1,Core PPI m/m,0.2%,0.2%,1.2%,https://www.forexfactory.com/calendar?month=mar.2021
20210312,8:30am,USD,1,PPI m/m,0.5%,0.4%,1.3%,https://www.forexfactory.com/calendar?month=mar.2021
20210409,8:56am,USD,1,Core PPI m/m,0.7%,0.2%,0.2%,https://www.forexfactory.com/calendar?month=apr.2021
20210409,8:56am,USD,1,PPI m/m,1.0%,0.5%,0.5%,https://www.forexfactory.com/calendar?month=apr.2021
20210413,8:30am,USD,3,Core CPI m/m,0.3%,0.2%,0.1%,https://www.forexfactory.com/calendar?month=apr.2021
20210413,8:30am,USD,3,CPI m/m,0.6%,0.5%,0.4%,https://www.forexfactory.com/calendar?month=apr.2021
20210413,8:30am,USD,3,CPI y/y,2.6%,2.5%,1.7%,https://www.forexfactory.com/calendar?month=apr.2021
20210512,8:30am,USD,3,Core CPI m/m,0.9%,0.3%,0.3%,https://www.forexfactory.com/calendar?month=may.2021
20210512,8:30am,USD,3,CPI m/m,0.8%,0.2%,0.6%,https://www.forexfactory.com/calendar?month=may.2021
20210512,8:30am,USD,3,CPI y/y,4.2%,3.6%,2.6%,https://www.forexfactory.com/calendar?month=may.2021
20210513,8:30am,USD,1,Core PPI m/m,0.7%,0.4%,0.7%,https://www.forexfactory.com/calendar?month=may.2021
20210513,8:30am,USD,1,PPI m/m,0.6%,0.3%,1.0%,https://www.forexfactory.com/calendar?month=may.2021
20210610,8:30am,USD,3,Core CPI m/m,0.7%,0.5%,0.9%,https://www.forexfactory.com/calendar?month=jun.2021
20210610,8:30am,USD,3,CPI m/m,0.6%,0.4%,0.8%,https://www.forexfactory.com/calendar?month=jun.2021
20210610,8:30am,USD,3,CPI y/y,5.0%,4.7%,4.2%,https://www.forexfactory.com/calendar?month=jun.2021
20210615,8:30am,USD,3,PPI m/m,0.8%,0.5%,0.6%,https://www.forexfactory.com/calendar?month=jun.2021
20210713,8:30am,USD,3,Core CPI m/m,0.9%,0.4%,0.7%,https://www.forexfactory.com/calendar?month=jul.2021
20210713,8:30am,USD,3,CPI m/m,0.9%,0.5%,0.6%,https://www.forexfactory.com/calendar?month=jul.2021
20210713,8:30am,USD,3,CPI y/y,5.4%,4.9%,5.0%,https://www.forexfactory.com/calendar?month=jul.2021
20210714,8:30am,USD,3,PPI m/m,1.0%,0.6%,0.8%,https://www.forexfactory.com/calendar?month=jul.2021
20210811,8:30am,USD,3,Core CPI m/m,0.3%,0.4%,0.9%,https://www.forexfactory.com/calendar?month=aug.2021
20210811,8:30am,USD,3,CPI m/m,0.5%,0.5%,0.9%,https://www.forexfactory.com/calendar?month=aug.2021
20210811,8:30am,USD,3,CPI y/y,5.4%,5.3%,5.4%,https://www.forexfactory.com/calendar?month=aug.2021
20210812,8:30am,USD,3,PPI m/m,1.0%,0.6%,1.0%,https://www.forexfactory.com/calendar?month=aug.2021
20210910,8:30am,USD,3,PPI m/m,0.7%,0.6%,1.0%,https://www.forexfactory.com/calendar?month=sep.2021
20210914,8:30am,USD,3,Core CPI m/m,0.1%,0.3%,0.3%,https://www.forexfactory.com/calendar?month=sep.2021
20210914,8:30am,USD,3,CPI m/m,0.3%,0.4%,0.5%,https://www.forexfactory.com/calendar?month=sep.2021
20210914,8:30am,USD,3,CPI y/y,5.3%,5.3%,5.4%,https://www.forexfactory.com/calendar?month=sep.2021
20211013,8:30am,USD,3,Core CPI m/m,0.2%,0.2%,0.1%,https://www.forexfactory.com/calendar?month=oct.2021
20211013,8:30am,USD,3,CPI m/m,0.4%,0.3%,0.3%,https://www.forexfactory.com/calendar?month=oct.2021
20211013,8:30am,USD,3,CPI y/y,5.4%,5.3%,5.3%,https://www.forexfactory.com/calendar?month=oct.2021
20211014,8:30am,USD,3,PPI m/m,0.5%,0.6%,0.7%,https://www.forexfactory.com/calendar?month=oct.2021
20211109,8:30am,USD,3,PPI m/m,0.6%,0.6%,0.5%,https://www.forexfactory.com/calendar?month=nov.2021
20211110,8:30am,USD,3,Core CPI m/m,0.6%,0.4%,0.2%,https://www.forexfactory.com/calendar?month=nov.2021
20211110,8:30am,USD,3,CPI m/m,0.9%,0.6%,0.4%,https://www.forexfactory.com/calendar?month=nov.2021
20211110,8:30am,USD,3,CPI y/y,6.2%,5.9%,5.4%,https://www.forexfactory.com/calendar?month=nov.2021
20211210,8:30am,USD,3,Core CPI m/m,0.5%,0.5%,0.6%,https://www.forexfactory.com/calendar?month=dec.2021
20211210,8:30am,USD,3,CPI m/m,0.8%,0.7%,0.9%,https://www.forexfactory.com/calendar?month=dec.2021
20211210,8:30am,USD,3,CPI y/y,6.8%,6.8%,6.2%,https://www.forexfactory.com/calendar?month=dec.2021
20211214,8:30am,USD,3,PPI m/m,0.8%,0.5%,0.6%,https://www.forexfactory.com/calendar?month=dec.2021
20220112,8:30am,USD,3,Core CPI m/m,0.6%,0.5%,0.5%,https://www.forexfactory.com/calendar?month=jan.2022
20220112,8:30am,USD,3,CPI m/m,0.5%,0.4%,0.8%,https://www.forexfactory.com/calendar?month=jan.2022
20220112,8:30am,USD,3,CPI y/y,7.0%,7.0%,6.8%,https://www.forexfactory.com/calendar?month=jan.2022
20220113,8:30am,USD,3,PPI m/m,0.2%,0.4%,0.8%,https://www.forexfactory.com/calendar?month=jan.2022
20220210,8:30am,USD,3,Core CPI m/m,0.6%,0.5%,0.6%,https://www.forexfactory.com/calendar?month=feb.2022
20220210,8:30am,USD,3,CPI m/m,0.6%,0.4%,0.5%,https://www.forexfactory.com/calendar?month=feb.2022
20220210,8:30am,USD,3,CPI y/y,7.5%,7.2%,7.0%,https://www.forexfactory.com/calendar?month=feb.2022
20220215,8:30am,USD,3,PPI m/m,1.0%,0.5%,0.2%,https://www.forexfactory.com/calendar?month=feb.2022
20220310,7:30am,USD,3,CPI y/y,7.9%,7.9%,7.5%,https://www.forexfactory.com/calendar?month=mar.2022
20220310,8:30am,USD,3,Core CPI m/m,0.5%,0.5%,0.6%,https://www.forexfactory.com/calendar?month=mar.2022
20220310,8:30am,USD,3,CPI m/m,0.8%,0.8%,0.6%,https://www.forexfactory.com/calendar?month=mar.2022
20220315,8:30am,USD,3,PPI m/m,0.8%,1.0%,1.0%,https://www.forexfactory.com/calendar?month=mar.2022
20220412,8:30am,USD,3,Core CPI m/m,0.3%,0.5%,0.5%,https://www.forexfactory.com/calendar?month=apr.2022
20220412,8:30am,USD,3,CPI m/m,1.2%,1.2%,0.8%,https://www.forexfactory.com/calendar?month=apr.2022
20220412,8:30am,USD,3,CPI y/y,8.5%,8.4%,7.9%,https://www.forexfactory.com/calendar?month=apr.2022
20220413,8:30am,USD,3,PPI m/m,1.4%,1.1%,0.8%,https://www.forexfactory.com/calendar?month=apr.2022
20220511,8:30am,USD,3,Core CPI m/m,0.6%,0.4%,0.3%,https://www.forexfactory.com/calendar?month=may.2022
20220511,8:30am,USD,3,CPI m/m,0.3%,0.2%,1.2%,https://www.forexfactory.com/calendar?month=may.2022
20220511,8:30am,USD,3,CPI y/y,8.3%,8.1%,8.5%,https://www.forexfactory.com/calendar?month=may.2022
20220512,8:30am,USD,3,PPI m/m,0.5%,0.5%,1.4%,https://www.forexfactory.com/calendar?month=may.2022
20220610,8:30am,USD,3,Core CPI m/m,0.6%,0.5%,0.6%,https://www.forexfactory.com/calendar?month=jun.2022
20220610,8:30am,USD,3,CPI m/m,1.0%,0.7%,0.3%,https://www.forexfactory.com/calendar?month=jun.2022
20220610,8:30am,USD,3,CPI y/y,8.6%,8.3%,8.3%,https://www.forexfactory.com/calendar?month=jun.2022
20220614,8:30am,USD,3,PPI m/m,0.8%,0.8%,0.5%,https://www.forexfactory.com/calendar?month=jun.2022
20220713,8:30am,USD,3,Core CPI m/m,0.7%,0.5%,0.6%,https://www.forexfactory.com/calendar?month=jul.2022
20220713,8:30am,USD,3,CPI m/m,1.3%,1.1%,1.0%,https://www.forexfactory.com/calendar?month=jul.2022
20220713,8:30am,USD,3,CPI y/y,9.1%,8.7%,8.6%,https://www.forexfactory.com/calendar?month=jul.2022
20220714,8:30am,USD,3,PPI m/m,1.1%,0.8%,0.8%,https://www.forexfactory.com/calendar?month=jul.2022
20220810,8:30am,USD,3,Core CPI m/m,0.3%,0.5%,0.7%,https://www.forexfactory.com/calendar?month=aug.2022
20220810,8:30am,USD,3,CPI m/m,0.0%,0.2%,1.3%,https://www.forexfactory.com/calendar?month=aug.2022
20220810,8:30am,USD,3,CPI y/y,8.5%,8.7%,9.1%,https://www.forexfactory.com/calendar?month=aug.2022
20220811,8:30am,USD,3,PPI m/m,-0.5%,0.2%,1.1%,https://www.forexfactory.com/calendar?month=aug.2022
20220913,8:30am,USD,3,Core CPI m/m,0.6%,0.3%,0.3%,https://www.forexfactory.com/calendar?month=sep.2022
20220913,8:30am,USD,3,CPI m/m,0.1%,-0.1%,0.0%,https://www.forexfactory.com/calendar?month=sep.2022
20220913,8:30am,USD,3,CPI y/y,8.3%,8.1%,8.5%,https://www.forexfactory.com/calendar?month=sep.2022
20220914,8:30am,USD,3,PPI m/m,-0.1%,-0.1%,-0.5%,https://www.forexfactory.com/calendar?month=sep.2022
20221012,8:30am,USD,3,PPI m/m,0.4%,0.2%,-0.2%,https://www.forexfactory.com/calendar?month=oct.2022
20221013,8:30am,USD,3,Core CPI m/m,0.6%,0.4%,0.6%,https://www.forexfactory.com/calendar?month=oct.2022
20221013,8:30am,USD,3,CPI m/m,0.4%,0.2%,0.1%,https://www.forexfactory.com/calendar?month=oct.2022
20221013,8:30am,USD,3,CPI y/y,8.2%,8.1%,8.3%,https://www.forexfactory.com/calendar?month=oct.2022
20221110,8:30am,USD,3,Core CPI m/m,0.3%,0.5%,0.6%,https://www.forexfactory.com/calendar?month=nov.2022
20221110,8:30am,USD,3,CPI m/m,0.4%,0.6%,0.4%,https://www.forexfactory.com/calendar?month=nov.2022
20221110,8:30am,USD,3,CPI y/y,7.7%,7.9%,8.2%,https://www.forexfactory.com/calendar?month=nov.2022
20221115,8:30am,USD,3,PPI m/m,0.2%,0.4%,0.2%,https://www.forexfactory.com/calendar?month=nov.2022
20221209,8:30am,USD,3,Core PPI m/m,0.4%,0.2%,0.1%,https://www.forexfactory.com/calendar?month=dec.2022
20221209,8:30am,USD,3,PPI m/m,0.3%,0.2%,0.3%,https://www.forexfactory.com/calendar?month=dec.2022
20221213,8:30am,USD,3,Core CPI m/m,0.2%,0.3%,0.3%,https://www.forexfactory.com/calendar?month=dec.2022
20221213,8:30am,USD,3,CPI m/m,0.1%,0.3%,0.4%,https://www.forexfactory.com/calendar?month=dec.2022
20221213,8:30am,USD,3,CPI y/y,7.1%,7.3%,7.7%,https://www.forexfactory.com/calendar?month=dec.2022
20230112,8:30am,USD,3,Core CPI m/m,0.3%,0.3%,0.2%,https://www.forexfactory.com/calendar?month=jan.2023
20230112,8:30am,USD,3,CPI m/m,-0.1%,-0.1%,0.1%,https://www.forexfactory.com/calendar?month=jan.2023
20230112,8:30am,USD,3,CPI y/y,6.5%,6.5%,7.1%,https://www.forexfactory.com/calendar?month=jan.2023
20230118,8:30am,USD,3,Core PPI m/m,0.1%,0.1%,0.2%,https://www.forexfactory.com/calendar?month=jan.2023
20230118,8:30am,USD,3,PPI m/m,-0.5%,-0.1%,0.2%,https://www.forexfactory.com/calendar?month=jan.2023
20230214,8:30am,USD,3,Core CPI m/m,0.4%,0.4%,0.3%,https://www.forexfactory.com/calendar?month=feb.2023
20230214,8:30am,USD,3,CPI m/m,0.5%,0.5%,-0.1%,https://www.forexfactory.com/calendar?month=feb.2023
20230214,8:30am,USD,3,CPI y/y,6.4%,6.2%,6.5%,https://www.forexfactory.com/calendar?month=feb.2023
20230216,8:30am,USD,3,Core PPI m/m,0.5%,0.3%,0.3%,https://www.forexfactory.com/calendar?month=feb.2023
20230216,8:30am,USD,3,PPI m/m,0.7%,0.4%,-0.2%,https://www.forexfactory.com/calendar?month=feb.2023
20230314,8:30am,USD,3,Core CPI m/m,0.5%,0.4%,0.4%,https://www.forexfactory.com/calendar?month=mar.2023
20230314,8:30am,USD,3,CPI m/m,0.4%,0.4%,0.5%,https://www.forexfactory.com/calendar?month=mar.2023
20230314,8:30am,USD,3,CPI y/y,6.0%,6.0%,6.4%,https://www.forexfactory.com/calendar?month=mar.2023
20230315,8:30am,USD,3,Core PPI m/m,0.0%,0.4%,0.1%,https://www.forexfactory.com/calendar?month=mar.2023
20230315,8:30am,USD,3,PPI m/m,-0.1%,0.3%,0.3%,https://www.forexfactory.com/calendar?month=mar.2023
20230412,8:30am,USD,3,Core CPI m/m,0.4%,0.4%,0.5%,https://www.forexfactory.com/calendar?month=apr.2023
20230412,8:30am,USD,3,CPI m/m,0.1%,0.2%,0.4%,https://www.forexfactory.com/calendar?month=apr.2023
20230412,8:30am,USD,3,CPI y/y,5.0%,5.1%,6.0%,https://www.forexfactory.com/calendar?month=apr.2023
20230413,8:30am,USD,3,Core PPI m/m,-0.1%,0.2%,0.2%,https://www.forexfactory.com/calendar?month=apr.2023
20230413,8:30am,USD,3,PPI m/m,-0.5%,0.0%,0.0%,https://www.forexfactory.com/calendar?month=apr.2023
20230510,8:30am,USD,3,Core CPI m/m,0.4%,0.3%,0.4%,https://www.forexfactory.com/calendar?month=may.2023
20230510,8:30am,USD,3,CPI m/m,0.4%,0.4%,0.1%,https://www.forexfactory.com/calendar?month=may.2023
20230510,8:30am,USD,3,CPI y/y,4.9%,5.0%,5.0%,https://www.forexfactory.com/calendar?month=may.2023
20230511,8:30am,USD,3,Core PPI m/m,0.2%,0.2%,0.0%,https://www.forexfactory.com/calendar?month=may.2023
20230511,8:30am,USD,3,PPI m/m,0.2%,0.3%,-0.4%,https://www.forexfactory.com/calendar?month=may.2023
20230613,8:30am,USD,3,Core CPI m/m,0.4%,0.4%,0.4%,https://www.forexfactory.com/calendar?month=jun.2023
20230613,8:30am,USD,3,CPI m/m,0.1%,0.2%,0.4%,https://www.forexfactory.com/calendar?month=jun.2023
20230613,8:30am,USD,3,CPI y/y,4.0%,4.1%,4.9%,https://www.forexfactory.com/calendar?month=jun.2023
20230614,8:30am,USD,3,Core PPI m/m,0.2%,0.2%,0.2%,https://www.forexfactory.com/calendar?month=jun.2023
20230614,8:30am,USD,3,PPI m/m,-0.3%,-0.1%,0.2%,https://www.forexfactory.com/calendar?month=jun.2023
20230712,8:30am,USD,3,Core CPI m/m,0.2%,0.3%,0.4%,https://www.forexfactory.com/calendar?month=jul.2023
20230712,8:30am,USD,3,CPI m/m,0.2%,0.3%,0.1%,https://www.forexfactory.com/calendar?month=jul.2023
20230712,8:30am,USD,3,CPI y/y,3.0%,3.1%,4.0%,https://www.forexfactory.com/calendar?month=jul.2023
20230713,8:30am,USD,3,Core PPI m/m,0.1%,0.2%,0.1%,https://www.forexfactory.com/calendar?month=jul.2023
20230713,8:30am,USD,3,PPI m/m,0.1%,0.2%,-0.4%,https://www.forexfactory.com/calendar?month=jul.2023
20230810,8:30am,USD,3,Core CPI m/m,0.2%,0.2%,0.2%,https://www.forexfactory.com/calendar?month=aug.2023
20230810,8:30am,USD,3,CPI m/m,0.2%,0.2%,0.2%,https://www.forexfactory.com/calendar?month=aug.2023
20230810,8:30am,USD,3,CPI y/y,3.2%,3.3%,3.0%,https://www.forexfactory.com/calendar?month=aug.2023
20230811,8:30am,USD,3,Core PPI m/m,0.3%,0.2%,-0.1%,https://www.forexfactory.com/calendar?month=aug.2023
20230811,8:30am,USD,3,PPI m/m,0.3%,0.2%,0.0%,https://www.forexfactory.com/calendar?month=aug.2023
20230913,8:30am,USD,3,Core CPI m/m,0.3%,0.2%,0.2%,https://www.forexfactory.com/calendar?month=sep.2023
20230913,8:30am,USD,3,CPI m/m,0.6%,0.6%,0.2%,https://www.forexfactory.com/calendar?month=sep.2023
20230913,8:30am,USD,3,CPI y/y,3.7%,3.6%,3.2%,https://www.forexfactory.com/calendar?month=sep.2023
20230914,8:30am,USD,3,Core PPI m/m,0.2%,0.2%,0.4%,https://www.forexfactory.com/calendar?month=sep.2023
20230914,8:30am,USD,3,PPI m/m,0.7%,0.4%,0.4%,https://www.forexfactory.com/calendar?month=sep.2023
20231011,8:30am,USD,3,Core PPI m/m,0.3%,0.2%,0.2%,https://www.forexfactory.com/calendar?month=oct.2023
20231011,8:30am,USD,3,PPI m/m,0.5%,0.3%,0.7%,https://www.forexfactory.com/calendar?month=oct.2023
20231012,8:30am,USD,3,Core CPI m/m,0.3%,0.3%,0.3%,https://www.forexfactory.com/calendar?month=oct.2023
20231012,8:30am,USD,3,CPI m/m,0.4%,0.3%,0.6%,https://www.forexfactory.com/calendar?month=oct.2023
20231012,8:30am,USD,3,CPI y/y,3.7%,3.6%,3.7%,https://www.forexfactory.com/calendar?month=oct.2023
20231114,8:30am,USD,3,Core CPI m/m,0.2%,0.3%,0.3%,https://www.forexfactory.com/calendar?month=nov.2023
20231114,8:30am,USD,3,CPI m/m,0.0%,0.1%,0.4%,https://www.forexfactory.com/calendar?month=nov.2023
20231114,8:30am,USD,3,CPI y/y,3.2%,3.3%,3.7%,https://www.forexfactory.com/calendar?month=nov.2023
20231115,8:30am,USD,3,Core PPI m/m,0.0%,0.3%,0.2%,https://www.forexfactory.com/calendar?month=nov.2023
20231115,8:30am,USD,3,PPI m/m,-0.5%,0.1%,0.4%,https://www.forexfactory.com/calendar?month=nov.2023
20231212,8:30am,USD,3,Core CPI m/m,0.3%,0.3%,0.2%,https://www.forexfactory.com/calendar?month=dec.2023
20231212,8:30am,USD,3,CPI m/m,0.1%,0.0%,0.0%,https://www.forexfactory.com/calendar?month=dec.2023
20231212,8:30am,USD,3,CPI y/y,3.1%,3.1%,3.2%,https://www.forexfactory.com/calendar?month=dec.2023
20231213,8:30am,USD,3,Core PPI m/m,0.0%,0.2%,0.0%,https://www.forexfactory.com/calendar?month=dec.2023
20231213,8:30am,USD,3,PPI m/m,0.0%,0.0%,-0.4%,https://www.forexfactory.com/calendar?month=dec.2023
20240111,8:30am,USD,3,Core CPI m/m,0.3%,0.3%,0.3%,https://www.forexfactory.com/calendar?month=jan.2024
20240111,8:30am,USD,3,CPI m/m,0.3%,0.2%,0.1%,https://www.forexfactory.com/calendar?month=jan.2024
20240111,8:30am,USD,3,CPI y/y,3.4%,3.2%,3.1%,https://www.forexfactory.com/calendar?month=jan.2024
20240112,8:30am,USD,3,Core PPI m/m,0.0%,0.2%,0.0%,https://www.forexfactory.com/calendar?month=jan.2024
20240112,8:30am,USD,3,PPI m/m,-0.1%,0.1%,-0.1%,https://www.forexfactory.com/calendar?month=jan.2024
20240213,8:30am,USD,3,Core CPI m/m,0.4%,0.3%,0.3%,https://www.forexfactory.com/calendar?month=feb.2024
20240213,8:30am,USD,3,CPI m/m,0.3%,0.2%,0.3%,https://www.forexfactory.com/calendar?month=feb.2024
20240213,8:30am,USD,3,CPI y/y,3.1%,2.9%,3.4%,https://www.forexfactory.com/calendar?month=feb.2024
20240216,8:30am,USD,3,Core PPI m/m,0.5%,0.1%,-0.1%,https://www.forexfactory.com/calendar?month=feb.2024
20240216,8:30am,USD,3,PPI m/m,0.3%,0.1%,-0.1%,https://www.forexfactory.com/calendar?month=feb.2024
20240312,8:30am,USD,3,Core CPI m/m,0.4%,0.3%,0.4%,https://www.forexfactory.com/calendar?month=mar.2024
20240312,8:30am,USD,3,CPI m/m,0.4%,0.4%,0.3%,https://www.forexfactory.com/calendar?month=mar.2024
20240312,8:30am,USD,3,CPI y/y,3.2%,3.1%,3.1%,https://www.forexfactory.com/calendar?month=mar.2024
20240314,8:30am,USD,3,Core PPI m/m,0.3%,0.2%,0.5%,https://www.forexfactory.com/calendar?month=mar.2024
20240314,8:30am,USD,3,PPI m/m,0.6%,0.3%,0.3%,https://www.forexfactory.com/calendar?month=mar.2024
20240410,8:30am,USD,3,Core CPI m/m,0.4%,0.3%,0.4%,https://www.forexfactory.com/calendar?month=apr.2024
20240410,8:30am,USD,3,CPI m/m,0.4%,0.3%,0.4%,https://www.forexfactory.com/calendar?month=apr.2024
20240410,8:30am,USD,3,CPI y/y,3.5%,3.4%,3.2%,https://www.forexfactory.com/calendar?month=apr.2024
20240411,8:30am,USD,3,Core PPI m/m,0.2%,0.2%,0.3%,https://www.forexfactory.com/calendar?month=apr.2024
20240411,8:30am,USD,3,PPI m/m,0.2%,0.3%,0.6%,https://www.forexfactory.com/calendar?month=apr.2024
20240514,8:30am,USD,3,Core PPI m/m,0.5%,0.2%,-0.1%,https://www.forexfactory.com/calendar?month=may.2024
20240514,8:30am,USD,3,PPI m/m,0.5%,0.3%,-0.1%,https://www.forexfactory.com/calendar?month=may.2024
20240515,8:30am,USD,3,Core CPI m/m,0.3%,0.3%,0.4%,https://www.forexfactory.com/calendar?month=may.2024
20240515,8:30am,USD,3,CPI m/m,0.3%,0.4%,0.4%,https://www.forexfactory.com/calendar?month=may.2024
20240515,8:30am,USD,3,CPI y/y,3.4%,3.4%,3.5%,https://www.forexfactory.com/calendar?month=may.2024
20240612,8:30am,USD,3,Core CPI m/m,0.2%,0.3%,0.3%,https://www.forexfactory.com/calendar?month=jun.2024
20240612,8:30am,USD,3,CPI m/m,0.0%,0.1%,0.3%,https://www.forexfactory.com/calendar?month=jun.2024
20240612,8:30am,USD,3,CPI y/y,3.3%,3.4%,3.4%,https://www.forexfactory.com/calendar?month=jun.2024
20240613,8:30am,USD,3,Core PPI m/m,0.0%,0.3%,0.5%,https://www.forexfactory.com/calendar?month=jun.2024
20240613,8:30am,USD,3,PPI m/m,-0.2%,0.1%,0.5%,https://www.forexfactory.com/calendar?month=jun.2024
20240711,8:30am,USD,3,Core CPI m/m,0.1%,0.2%,0.2%,https://www.forexfactory.com/calendar?month=jul.2024
20240711,8:30am,USD,3,CPI m/m,-0.1%,0.1%,0.0%,https://www.forexfactory.com/calendar?month=jul.2024
20240711,8:30am,USD,3,CPI y/y,3.0%,3.1%,3.3%,https://www.forexfactory.com/calendar?month=jul.2024
20240712,8:30am,USD,3,Core PPI m/m,0.4%,0.2%,0.3%,https://www.forexfactory.com/calendar?month=jul.2024
20240712,8:30am,USD,3,PPI m/m,0.2%,0.1%,0.0%,https://www.forexfactory.com/calendar?month=jul.2024
20240813,8:30am,USD,3,Core PPI m/m,0.0%,0.2%,0.3%,https://www.forexfactory.com/calendar?month=aug.2024
20240813,8:30am,USD,3,PPI m/m,0.1%,0.2%,0.2%,https://www.forexfactory.com/calendar?month=aug.2024
20240814,8:30am,USD,3,Core CPI m/m,0.2%,0.2%,0.1%,https://www.forexfactory.com/calendar?month=aug.2024
20240814,8:30am,USD,3,CPI m/m,0.2%,0.2%,-0.1%,https://www.forexfactory.com/calendar?month=aug.2024
20240814,8:30am,USD,3,CPI y/y,2.9%,3.0%,3.0%,https://www.forexfactory.com/calendar?month=aug.2024
20240911,8:30am,USD,3,Core CPI m/m,0.3%,0.2%,0.2%,https://www.forexfactory.com/calendar?month=sep.2024
20240911,8:30am,USD,3,CPI m/m,0.2%,0.2%,0.2%,https://www.forexfactory.com/calendar?month=sep.2024
20240911,8:30am,USD,3,CPI y/y,2.5%,2.5%,2.9%,https://www.forexfactory.com/calendar?month=sep.2024
20240912,8:30am,USD,3,Core PPI m/m,0.3%,0.2%,-0.2%,https://www.forexfactory.com/calendar?month=sep.2024
20240912,8:30am,USD,3,PPI m/m,0.2%,0.1%,0.0%,https://www.forexfactory.com/calendar?month=sep.2024
20241010,8:30am,USD,3,Core CPI m/m,0.3%,0.2%,0.3%,https://www.forexfactory.com/calendar?month=oct.2024
20241010,8:30am,USD,3,CPI m/m,0.2%,0.1%,0.2%,https://www.forexfactory.com/calendar?month=oct.2024
20241010,8:30am,USD,3,CPI y/y,2.4%,2.3%,2.5%,https://www.forexfactory.com/calendar?month=oct.2024
20241011,8:30am,USD,3,Core PPI m/m,0.2%,0.2%,0.3%,https://www.forexfactory.com/calendar?month=oct.2024
20241011,8:30am,USD,3,PPI m/m,0.0%,0.1%,0.2%,https://www.forexfactory.com/calendar?month=oct.2024
20241113,8:30am,USD,3,Core CPI m/m,0.3%,0.3%,0.3%,https://www.forexfactory.com/calendar?month=nov.2024
20241113,8:30am,USD,3,CPI m/m,0.2%,0.2%,0.2%,https://www.forexfactory.com/calendar?month=nov.2024
20241113,8:30am,USD,3,CPI y/y,2.6%,2.6%,2.4%,https://www.forexfactory.com/calendar?month=nov.2024
20241114,8:30am,USD,3,Core PPI m/m,0.3%,0.3%,0.2%,https://www.forexfactory.com/calendar?month=nov.2024
20241114,8:30am,USD,3,PPI m/m,0.2%,0.2%,0.1%,https://www.forexfactory.com/calendar?month=nov.2024
20241211,8:30am,USD,3,Core CPI m/m,0.3%,0.3%,0.3%,https://www.forexfactory.com/calendar?month=dec.2024
20241211,8:30am,USD,3,CPI m/m,0.3%,0.3%,0.2%,https://www.forexfactory.com/calendar?month=dec.2024
20241211,8:30am,USD,3,CPI y/y,2.7%,2.7%,2.6%,https://www.forexfactory.com/calendar?month=dec.2024
20241212,8:30am,USD,3,Core PPI m/m,0.2%,0.2%,0.3%,https://www.forexfactory.com/calendar?month=dec.2024
20241212,8:30am,USD,3,PPI m/m,0.4%,0.2%,0.3%,https://www.forexfactory.com/calendar?month=dec.2024
20250114,8:30am,USD,3,Core PPI m/m,0.0%,0.2%,0.2%,https://www.forexfactory.com/calendar?month=jan.2025
20250114,8:30am,USD,3,PPI m/m,0.2%,0.4%,0.4%,https://www.forexfactory.com/calendar?month=jan.2025
20250115,8:30am,USD,3,Core CPI m/m,0.2%,0.3%,0.3%,https://www.forexfactory.com/calendar?month=jan.2025
20250115,8:30am,USD,3,CPI m/m,0.4%,0.4%,0.3%,https://www.forexfactory.com/calendar?month=jan.2025
20250115,8:30am,USD,3,CPI y/y,2.9%,2.9%,2.7%,https://www.forexfactory.com/calendar?month=jan.2025
20250212,8:30am,USD,3,Core CPI m/m,0.4%,0.3%,0.2%,https://www.forexfactory.com/calendar?month=feb.2025
20250212,8:30am,USD,3,CPI m/m,0.5%,0.3%,0.4%,https://www.forexfactory.com/calendar?month=feb.2025
20250212,8:30am,USD,3,CPI y/y,3.0%,2.9%,2.9%,https://www.forexfactory.com/calendar?month=feb.2025
20250213,8:30am,USD,3,Core PPI m/m,0.3%,0.3%,0.4%,https://www.forexfactory.com/calendar?month=feb.2025
20250213,8:30am,USD,3,PPI m/m,0.4%,0.3%,0.5%,https://www.forexfactory.com/calendar?month=feb.2025
20250312,8:30am,USD,3,Core CPI m/m,0.2%,0.3%,0.4%,https://www.forexfactory.com/calendar?month=mar.2025
20250312,8:30am,USD,3,CPI m/m,0.2%,0.3%,0.5%,https://www.forexfactory.com/calendar?month=mar.2025
20250312,8:30am,USD,3,CPI y/y,2.8%,2.9%,3.0%,https://www.forexfactory.com/calendar?month=mar.2025
20250313,8:30am,USD,3,Core PPI m/m,-0.1%,0.3%,0.5%,https://www.forexfactory.com/calendar?month=mar.2025
20250313,8:30am,USD,3,PPI m/m,0.0%,0.3%,0.6%,https://www.forexfactory.com/calendar?month=mar.2025
20250410,8:30am,USD,3,Core CPI m/m,0.1%,0.3%,0.2%,https://www.forexfactory.com/calendar?month=apr.2025
20250410,8:30am,USD,3,CPI m/m,-0.1%,0.1%,0.2%,https://www.forexfactory.com/calendar?month=apr.2025
20250410,8:30am,USD,3,CPI y/y,2.4%,2.5%,2.8%,https://www.forexfactory.com/calendar?month=apr.2025
20250411,8:30am,USD,3,Core PPI m/m,-0.1%,0.3%,0.1%,https://www.forexfactory.com/calendar?month=apr.2025
20250411,8:30am,USD,3,PPI m/m,-0.4%,0.2%,0.1%,https://www.forexfactory.com/calendar?month=apr.2025
20250513,8:30am,USD,3,Core CPI m/m,0.2%,0.3%,0.1%,https://www.forexfactory.com/calendar?month=may.2025
20250513,8:30am,USD,3,CPI m/m,0.2%,0.3%,-0.1%,https://www.forexfactory.com/calendar?month=may.2025
20250513,8:30am,USD,3,CPI y/y,2.3%,2.4%,2.4%,https://www.forexfactory.com/calendar?month=may.2025
20250515,8:30am,USD,3,Core PPI m/m,-0.4%,0.3%,0.4%,https://www.forexfactory.com/calendar?month=may.2025
20250515,8:30am,USD,3,PPI m/m,-0.5%,0.2%,0.0%,https://www.forexfactory.com/calendar?month=may.2025
20250611,8:30am,USD,3,Core CPI m/m,0.1%,0.3%,0.2%,https://www.forexfactory.com/calendar?month=jun.2025
20250611,8:30am,USD,3,CPI m/m,0.1%,0.2%,0.2%,https://www.forexfactory.com/calendar?month=jun.2025
20250611,8:30am,USD,3,CPI y/y,2.4%,2.5%,2.3%,https://www.forexfactory.com/calendar?month=jun.2025
20250612,8:30am,USD,3,Core PPI m/m,0.1%,0.3%,-0.2%,https://www.forexfactory.com/calendar?month=jun.2025
20250612,8:30am,USD,3,PPI m/m,0.1%,0.2%,-0.2%,https://www.forexfactory.com/calendar?month=jun.2025
20250715,8:30am,USD,3,Core CPI m/m,0.2%,0.3%,0.1%,https://www.forexfactory.com/calendar?month=jul.2025
20250715,8:30am,USD,3,CPI m/m,0.3%,0.3%,0.1%,https://www.forexfactory.com/calendar?month=jul.2025
20250715,8:30am,USD,3,CPI y/y,2.7%,2.6%,2.4%,https://www.forexfactory.com/calendar?month=jul.2025
20250716,8:30am,USD,3,Core PPI m/m,0.0%,0.2%,0.4%,https://www.forexfactory.com/calendar?month=jul.2025
20250716,8:30am,USD,3,PPI m/m,0.0%,0.2%,0.3%,https://www.forexfactory.com/calendar?month=jul.2025
20250812,8:30am,USD,3,Core CPI m/m,0.3%,0.3%,0.2%,https://www.forexfactory.com/calendar?month=aug.2025
20250812,8:30am,USD,3,CPI m/m,0.2%,0.2%,0.3%,https://www.forexfactory.com/calendar?month=aug.2025
20250812,8:30am,USD,3,CPI y/y,2.7%,2.8%,2.7%,https://www.forexfactory.com/calendar?month=aug.2025
20250814,8:30am,USD,3,Core PPI m/m,0.9%,0.2%,0.0%,https://www.forexfactory.com/calendar?month=aug.2025
20250814,8:30am,USD,3,PPI m/m,0.9%,0.2%,0.0%,https://www.forexfactory.com/calendar?month=aug.2025
20250910,8:30am,USD,3,Core PPI m/m,-0.1%,0.3%,0.7%,https://www.forexfactory.com/calendar?month=sep.2025
20250910,8:30am,USD,3,PPI m/m,-0.1%,0.3%,0.7%,https://www.forexfactory.com/calendar?month=sep.2025
20250911,8:30am,USD,3,Core CPI m/m,0.3%,0.3%,0.3%,https://www.forexfactory.com/calendar?month=sep.2025
20250911,8:30am,USD,3,CPI m/m,0.4%,0.3%,0.2%,https://www.forexfactory.com/calendar?month=sep.2025
20250911,8:30am,USD,3,CPI y/y,2.9%,2.9%,2.7%,https://www.forexfactory.com/calendar?month=sep.2025
20251024,8:30am,USD,3,Core CPI m/m,0.2%,0.3%,0.3%,https://www.forexfactory.com/calendar?month=oct.2025
20251024,8:30am,USD,3,CPI m/m,0.3%,0.4%,0.4%,https://www.forexfactory.com/calendar?month=oct.2025
20251024,8:30am,USD,3,CPI y/y,3.0%,3.1%,2.9%,https://www.forexfactory.com/calendar?month=oct.2025
20251125,8:30am,USD,3,Core PPI m/m,0.1%,0.2%,-0.1%,https://www.forexfactory.com/calendar?month=nov.2025
20251125,8:30am,USD,3,PPI m/m,0.3%,0.3%,-0.1%,https://www.forexfactory.com/calendar?month=nov.2025
20251218,8:30am,USD,3,CPI y/y,2.7%,3.1%,3.0%,https://www.forexfactory.com/calendar?month=dec.2025
20260113,8:30am,USD,3,Core CPI m/m,0.2%,0.3%,0.2%,https://www.forexfactory.com/calendar?month=jan.2026
20260113,8:30am,USD,3,CPI m/m,0.3%,0.3%,0.3%,https://www.forexfactory.com/calendar?month=jan.2026
20260113,8:30am,USD,3,CPI y/y,2.7%,2.7%,2.7%,https://www.forexfactory.com/calendar?month=jan.2026
20260114,8:30am,USD,3,Core PPI m/m,0.0%,0.2%,0.3%,https://www.forexfactory.com/calendar?month=jan.2026
20260114,8:30am,USD,3,PPI m/m,0.2%,0.2%,0.1%,https://www.forexfactory.com/calendar?month=jan.2026
20260130,8:30am,USD,3,Core PPI m/m,0.7%,0.2%,0.0%,https://www.forexfactory.com/calendar?month=jan.2026
20260130,8:30am,USD,3,PPI m/m,0.5%,0.2%,0.2%,https://www.forexfactory.com/calendar?month=jan.2026
20260213,8:30am,USD,3,Core CPI m/m,0.3%,0.3%,0.2%,https://www.forexfactory.com/calendar?month=feb.2026
20260213,8:30am,USD,3,CPI m/m,0.2%,0.3%,0.3%,https://www.forexfactory.com/calendar?month=feb.2026
20260213,8:30am,USD,3,CPI y/y,2.4%,2.5%,2.7%,https://www.forexfactory.com/calendar?month=feb.2026
20260227,8:30am,USD,3,Core PPI m/m,0.8%,0.3%,0.6%,https://www.forexfactory.com/calendar?month=feb.2026
20260227,8:30am,USD,3,PPI m/m,0.5%,0.3%,0.4%,https://www.forexfactory.com/calendar?month=feb.2026
20260311,8:30am,USD,3,Core CPI m/m,0.2%,0.2%,0.3%,https://www.forexfactory.com/calendar?month=mar.2026
20260311,8:30am,USD,3,CPI m/m,0.3%,0.3%,0.2%,https://www.forexfactory.com/calendar?month=mar.2026
20260311,8:30am,USD,3,CPI y/y,2.4%,2.4%,2.4%,https://www.forexfactory.com/calendar?month=mar.2026
20260318,8:30am,USD,3,Core PPI m/m,0.5%,0.3%,0.8%,https://www.forexfactory.com/calendar?month=mar.2026
20260318,8:30am,USD,3,PPI m/m,0.7%,0.3%,0.5%,https://www.forexfactory.com/calendar?month=mar.2026
20260410,8:30am,USD,3,Core CPI m/m,0.2%,0.3%,0.2%,https://www.forexfactory.com/calendar?month=apr.2026
20260410,8:30am,USD,3,CPI m/m,0.9%,1.0%,0.3%,https://www.forexfactory.com/calendar?month=apr.2026
20260410,8:30am,USD,3,CPI y/y,3.3%,3.4%,2.4%,https://www.forexfactory.com/calendar?month=apr.2026
20260414,8:30am,USD,3,Core PPI m/m,0.1%,0.4%,0.3%,https://www.forexfactory.com/calendar?month=apr.2026
20260414,8:30am,USD,3,PPI m/m,0.5%,1.1%,0.5%,https://www.forexfactory.com/calendar?month=apr.2026
20260512,8:30am,USD,3,Core CPI m/m,0.4%,0.3%,0.2%,https://www.forexfactory.com/calendar?month=may.2026
20260512,8:30am,USD,3,CPI m/m,0.6%,0.6%,0.9%,https://www.forexfactory.com/calendar?month=may.2026
20260512,8:30am,USD,3,CPI y/y,3.8%,3.7%,3.3%,https://www.forexfactory.com/calendar?month=may.2026
20260513,8:30am,USD,3,Core PPI m/m,1.0%,0.3%,0.2%,https://www.forexfactory.com/calendar?month=may.2026
20260513,8:30am,USD,3,PPI m/m,1.4%,0.5%,0.7%,https://www.forexfactory.com/calendar?month=may.2026
